Occupation,Job Zone,Active_Learning_Importance,Active_Learning_Level,Critical_Thinking_Importance,Critical_Thinking_Level,Learning_Strategies_Importance,Learning_Strategies_Level,Monitoring_Importance,Monitoring_Level,Active_Listening_Importance,Active_Listening_Level,Mathematics_Importance,Mathematics_Level,Programming_Importance,Programming_Level,Reading_Comprehension_Importance,Reading_Comprehension_Level,Science_Importance,Science_Level,Speaking_Importance,Speaking_Level,Writing_Importance,Writing_Level
"Judges, Magistrate Judges, and Magistrates",5,75,66,97,82,44,41,72,59,100,84,28,30,6,Not relevant,81,68,19,20,78,70,78,70
Marriage and Family Therapists,5,69,61,72,61,53,54,66,57,97,71,22,25,6,Not relevant,75,61,38,41,81,61,75,61
"Child, Family, and School Social Workers",4,60,54,78,61,53,45,72,55,97,68,25,27,10,7,75,59,31,29,88,59,69,59
Mental Health Counselors,5,63,59,69,64,56,55,72,57,94,70,25,30,16,9,78,66,47,50,81,61,75,61
Psychiatrists,5,75,63,81,66,69,57,75,59,91,71,38,34,13,9,78,71,72,59,81,63,78,63
Clinical and Counseling Psychologists,5,75,58,78,58,56,54,69,57,91,68,28,27,6,Not relevant,74,68,61,50,86,63,75,59
Lawyers,5,72,61,81,70,50,45,66,54,91,68,28,30,13,11,85,70,16,13,91,70,75,70
Labor Relations Specialists,4,63,55,72,57,56,48,63,54,88,61,41,39,10,7,81,59,0,Not relevant,85,64,78,61
Farm and Home Management Educators,5,72,64,69,59,72,61,60,57,88,59,47,52,19,21,75,64,44,41,78,59,72,59
"Arbitrators, Mediators, and Conciliators",5,69,57,75,68,50,43,47,50,85,70,25,29,13,7,75,61,16,9,78,68,78,63
Clergy,5,72,59,69,59,69,61,60,59,85,64,35,36,13,7,78,68,16,13,91,68,78,63
"Education Administrators, Kindergarten through Secondary",5,72,59,81,63,81,66,75,68,85,64,53,46,19,11,81,66,19,20,85,63,78,63
School Psychologists,5,66,55,75,59,63,55,75,57,85,64,44,34,19,11,81,68,25,25,81,61,75,59
Allergists and Immunologists,5,75,66,81,61,63,52,81,61,85,63,47,43,10,Not available,88,66,66,Not available,85,59,78,59
"Educational, Guidance, and Career Counselors and Advisors",5,72,55,75,57,69,52,69,54,85,59,28,30,19,14,78,61,16,9,81,57,75,57
Sports Medicine Physicians,5,72,63,81,64,66,55,78,55,85,59,38,41,22,18,88,66,56,Not available,75,61,69,55
Air Traffic Controllers,3,69,54,78,59,53,48,75,61,85,57,47,43,19,11,69,57,19,21,81,55,53,45
"Administrative Law Judges, Adjudicators, and Hearing Officers",5,69,59,81,73,50,41,66,57,81,79,28,34,13,7,81,68,16,11,75,68,78,70
Family Medicine Physicians,5,75,57,85,64,56,46,75,57,81,70,44,41,6,Not relevant,81,71,72,57,78,63,78,59
"Law Teachers, Postsecondary",5,75,68,75,70,81,64,60,54,81,70,25,32,19,11,81,73,16,11,91,71,75,71
Equal Opportunity Representatives and Officers,4,69,57,75,64,50,48,60,55,81,66,38,39,22,21,78,68,16,11,75,61,72,63
Industrial-Organizational Psychologists,5,66,59,75,61,60,57,72,59,81,66,56,57,44,48,81,68,69,54,78,66,75,68
Neurologists,5,69,66,78,70,60,61,75,66,81,64,47,46,19,13,78,79,69,59,78,63,75,63
"Ophthalmologists, Except Pediatric",5,66,63,85,70,56,55,69,61,81,64,47,50,16,13,78,79,69,59,78,63,69,61
Urologists,5,63,55,78,59,50,48,69,57,81,64,38,36,13,14,81,70,72,57,69,57,81,59
Substance Abuse and Behavioral Disorder Counselors,5,69,57,78,59,56,54,75,57,81,63,25,29,19,14,75,61,25,20,81,61,75,57
Advanced Practice Psychiatric Nurses,5,72,57,75,57,69,52,69,55,81,61,38,36,13,7,75,61,44,39,75,57,72,57
Judicial Law Clerks,5,69,59,81,66,50,43,50,46,81,61,22,25,13,9,88,70,0,Not relevant,75,61,78,63
Public Safety Telecommunicators,2,56,43,69,55,44,43,60,45,81,59,31,27,19,13,66,52,13,9,81,59,53,46
Speech-Language Pathology Assistants,3,50,39,60,50,53,45,60,50,81,57,31,34,10,5,66,54,19,20,63,54,53,48
Chief Executives,5,75,68,85,68,53,55,78,79,78,70,56,52,16,9,78,68,22,16,85,70,75,63
Nurse Practitioners,5,75,59,78,59,63,55,75,59,78,70,50,45,10,7,78,70,69,55,75,57,75,57
"Criminal Justice and Law Enforcement Teachers, Postsecondary",5,75,57,78,59,75,57,72,57,78,68,25,29,10,7,75,70,19,21,94,70,75,64
Obstetricians and Gynecologists,5,75,59,85,64,60,54,72,57,78,68,38,41,6,Not relevant,78,75,75,64,78,57,75,59
"Education Teachers, Postsecondary",5,75,61,69,57,78,64,72,57,78,66,28,32,13,7,81,70,25,29,91,70,75,70
Hospitalists,5,78,70,78,68,56,57,75,63,78,66,50,43,13,7,78,73,60,50,78,63,72,63
Audiologists,5,75,63,75,61,60,55,69,59,78,64,47,43,19,14,78,71,50,46,75,63,75,61
Naturopathic Physicians,5,69,55,78,59,60,54,60,57,78,64,44,37,16,11,81,71,53,45,78,59,75,57
Preventive Medicine Physicians,5,78,70,81,71,69,64,72,64,78,64,53,48,22,13,85,79,72,66,75,66,75,68
"Anthropology and Archeology Teachers, Postsecondary",5,75,63,72,61,81,61,72,59,78,63,35,45,13,7,81,71,72,57,88,70,78,71
Biochemists and Biophysicists,5,78,75,81,73,75,63,72,61,78,63,72,68,31,39,85,75,94,73,78,66,81,73
Bioengineers and Biomedical Engineers,4,66,68,81,68,53,59,69,59,78,63,69,66,50,50,78,73,72,66,72,63,69,61
"Pediatricians, General",5,75,59,81,64,56,46,75,57,78,63,35,41,10,7,78,71,75,59,81,59,75,57
"Philosophy and Religion Teachers, Postsecondary",5,69,63,75,61,72,66,56,55,78,63,25,30,19,11,81,70,19,20,78,68,75,71
Urban and Regional Planners,5,56,59,75,61,50,41,50,52,78,63,50,50,19,20,75,63,41,39,78,61,72,59
"Airline Pilots, Copilots, and Flight Engineers",4,69,59,78,59,50,45,78,61,78,61,53,50,13,7,72,59,44,39,69,54,53,46
Anesthesiologists,5,66,59,88,63,56,48,78,63,78,61,50,48,3,Not relevant,75,70,75,55,72,57,75,57
Clinical Nurse Specialists,5,75,63,78,61,63,55,72,59,78,61,47,45,6,Not relevant,78,63,56,54,75,61,72,59
General Internal Medicine Physicians,5,72,57,75,68,53,52,72,57,78,61,47,41,19,13,78,71,75,57,75,59,75,59
Optometrists,5,53,55,78,61,53,45,56,50,78,61,50,43,22,16,78,70,69,55,75,57,75,57
Speech-Language Pathologists,5,66,57,72,57,72,57,69,59,78,61,28,37,19,13,72,64,47,43,72,59,69,61
Veterinarians,5,75,63,72,61,50,43,56,54,78,61,53,45,6,Not relevant,78,70,72,59,72,61,63,59
Advertising and Promotions Managers,4,56,59,75,59,50,46,56,61,78,59,50,46,19,11,69,57,16,9,75,59,69,55
"Communications Teachers, Postsecondary",5,75,61,72,59,75,64,69,55,78,59,28,39,16,9,78,68,25,27,78,70,75,66
First-Line Supervisors of Police and Detectives,3,72,55,75,59,69,55,75,63,78,59,38,37,19,14,72,57,19,16,75,57,66,55
Government Property Inspectors and Investigators,3,63,48,75,59,50,45,60,59,78,59,47,45,19,18,75,61,22,18,75,59,75,57
Intelligence Analysts,4,63,50,75,61,50,45,53,50,78,59,47,45,25,29,78,68,25,25,75,59,75,57
Management Analysts,5,60,54,78,59,50,50,72,57,78,59,50,46,19,13,78,59,25,27,75,57,75,57
Medical Transcriptionists,3,47,41,50,45,28,30,53,41,78,59,19,14,10,7,75,57,13,9,50,45,72,52
Nurse Midwives,5,75,59,78,63,56,48,75,59,78,59,41,37,16,9,75,59,47,46,78,59,72,57
Private Detectives and Investigators,3,60,48,72,59,38,30,60,50,78,59,31,30,19,14,72,57,13,9,75,55,66,52
Radiologists,5,66,57,78,64,60,54,72,59,78,59,44,41,16,14,78,71,63,50,75,57,81,63
"Sales Representatives, Wholesale and Manufacturing, Technical and Scientific Products",4,63,54,60,54,44,43,53,45,78,59,47,41,25,14,69,59,13,9,81,57,60,52
Training and Development Specialists,4,66,54,72,57,81,70,75,61,78,59,41,37,10,5,75,61,22,29,78,61,72,61
Detectives and Criminal Investigators,3,61,53,78,59,49,43,56,46,78,58,35,31,17,12,74,56,36,33,77,57,69,54
Community Health Workers,4,66,52,69,54,60,54,60,54,78,57,31,30,13,11,72,57,6,Not relevant,78,57,75,55
"Eligibility Interviewers, Government Programs",3,50,43,69,54,44,34,50,45,78,57,25,25,10,7,72,57,10,5,88,57,69,52
Health Education Specialists,4,72,52,69,57,75,59,56,54,78,57,28,32,10,7,69,57,38,39,78,61,78,57
Human Resources Managers,4,69,57,69,59,56,54,66,59,78,57,41,43,19,20,75,59,16,14,78,57,72,57
Hydroelectric Production Managers,3,66,52,69,57,66,54,72,54,78,57,56,50,28,20,72,59,56,46,78,59,63,55
Loan Interviewers and Clerks,3,60,50,69,57,41,39,50,43,78,57,53,45,19,16,72,57,3,Not relevant,75,57,66,55
Lodging Managers,4,69,55,69,55,60,52,69,54,78,57,41,41,16,13,72,55,0,Not relevant,75,57,72,57
Mental Health and Substance Abuse Social Workers,5,56,55,75,57,69,55,75,57,78,57,25,29,22,14,75,59,41,39,78,57,69,57
Music Therapists,4,56,54,75,57,69,54,69,57,78,57,25,23,10,5,75,57,19,13,75,55,56,54
"News Analysts, Reporters, and Journalists",4,63,54,70,58,34,34,61,49,78,57,20,19,16,11,78,62,2,Not relevant,78,66,78,63
Occupational Therapists,5,72,55,75,57,72,55,78,57,78,57,25,29,19,14,75,57,44,39,75,57,75,57
Patient Representatives,3,56,50,66,54,44,43,53,43,78,57,25,29,19,13,72,55,22,18,72,57,56,54
Public Relations Specialists,4,56,52,72,57,41,43,53,46,78,57,28,27,10,7,72,57,10,Not relevant,78,59,75,55
Travel Agents,3,53,45,53,54,38,32,50,41,78,57,47,36,19,11,75,54,6,Not relevant,75,45,53,43
Tutors,4,66,50,66,52,78,55,63,52,78,55,41,34,10,11,72,52,16,Not available,72,52,60,52
"Credit Authorizers, Checkers, and Clerks",2,53,43,64,50,34,32,52,43,78,54,31,Not available,5,Not relevant,66,52,3,Not relevant,72,51,61,49
Anthropologists and Archeologists,5,74,60,75,62,58,55,53,54,77,61,50,46,19,19,80,70,72,62,77,65,81,71
"Psychology Teachers, Postsecondary",5,72,66,72,61,81,71,63,55,75,70,50,46,22,14,78,71,60,59,78,71,75,71
"Forestry and Conservation Science Teachers, Postsecondary",5,75,61,72,61,78,59,72,55,75,68,50,45,22,16,78,71,56,48,75,68,78,70
Healthcare Social Workers,5,69,57,75,57,53,52,56,55,75,68,25,29,16,11,75,61,41,37,78,61,72,59
Natural Sciences Managers,5,63,68,75,63,63,55,75,59,75,68,53,57,22,23,75,71,78,70,72,61,72,71
Physicists,5,75,79,78,70,72,71,56,57,75,68,81,79,60,55,81,84,91,82,78,68,75,71
"Agricultural Sciences Teachers, Postsecondary",5,75,64,75,59,78,66,72,61,75,66,50,46,19,13,78,71,63,52,78,71,75,71
"Atmospheric, Earth, Marine, and Space Sciences Teachers, Postsecondary",5,72,61,75,61,72,61,66,59,75,66,60,57,22,14,75,73,75,59,94,68,75,68
"Foreign Language and Literature Teachers, Postsecondary",5,72,57,69,55,75,57,66,55,75,66,25,23,19,13,75,70,19,20,78,68,75,68
"Health Specialties Teachers, Postsecondary",5,75,57,75,59,75,59,66,55,75,66,50,43,10,7,78,71,56,50,78,70,75,71
"Library Science Teachers, Postsecondary",5,75,63,75,59,75,63,75,59,75,66,31,32,19,11,78,71,28,30,78,68,75,68
Molecular and Cellular Biologists,5,72,66,78,70,72,64,69,63,75,66,69,63,28,36,85,80,94,71,75,68,81,71
"Nursing Instructors and Teachers, Postsecondary",5,72,57,72,61,78,61,72,59,75,66,47,41,22,16,75,71,47,39,78,68,75,70
"Physics Teachers, Postsecondary",5,75,63,75,70,75,63,66,57,75,66,66,57,22,16,78,71,78,66,78,71,75,71
Podiatrists,5,69,68,75,61,53,52,63,52,75,66,44,43,16,11,75,77,66,54,75,61,66,55
Sociologists,5,72,59,72,61,69,57,66,55,75,66,38,48,13,11,78,70,60,52,72,64,75,68
Epidemiologists,5,78,66,81,68,63,52,69,59,75,64,63,57,16,11,81,71,85,75,78,61,75,63
Physical Medicine and Rehabilitation Physicians,5,66,61,78,66,53,57,69,63,75,64,47,48,19,13,75,71,56,57,75,61,69,57
Political Scientists,5,69,55,75,64,56,48,50,52,75,64,44,45,10,9,78,68,47,46,78,64,72,63
"Architecture Teachers, Postsecondary",5,72,64,72,63,78,63,69,59,75,63,47,54,22,14,78,71,35,37,78,70,75,71
Bioinformatics Scientists,5,66,61,78,63,50,52,60,59,75,63,63,59,28,Not available,78,70,69,Not available,75,61,72,68
"Biological Science Teachers, Postsecondary",5,75,64,72,59,78,63,72,55,75,63,53,46,13,7,75,73,75,57,81,68,75,68
Instructional Coordinators,5,72,59,72,59,81,68,75,61,75,63,44,41,16,9,75,66,13,9,78,63,78,64
Nuclear Engineers,4,66,59,75,68,50,46,75,57,75,63,72,61,19,16,75,68,78,63,72,57,72,66
"Physicians, Pathologists",5,75,68,78,66,53,54,63,57,75,63,50,45,22,25,81,80,75,57,72,66,78,71
"Area, Ethnic, and Cultural Studies Teachers, Postsecondary",5,75,57,72,59,75,57,53,55,75,61,25,30,19,14,81,70,38,39,78,68,75,70
Atmospheric and Space Scientists,4,72,57,75,59,56,46,53,52,75,61,50,55,25,20,78,70,75,70,75,59,75,57
"Education Administrators, Postsecondary",5,72,57,78,61,69,57,75,61,75,61,47,45,10,7,78,66,13,7,75,61,75,61
"English Language and Literature Teachers, Postsecondary",5,72,57,69,57,75,71,66,57,75,61,25,27,10,9,94,71,19,13,78,68,81,70
Environmental Economists,5,72,57,75,61,56,54,63,54,75,61,75,68,22,25,75,68,35,37,63,59,78,63
"Environmental Science Teachers, Postsecondary",5,72,61,75,61,75,61,72,57,75,61,50,46,10,5,78,71,75,64,78,64,75,68
"Family and Consumer Sciences Teachers, Postsecondary",5,66,59,69,57,75,61,63,57,75,61,41,41,19,11,75,66,31,32,78,68,66,59
Health Informatics Specialists,4,69,68,72,61,72,55,69,57,75,61,47,41,44,45,81,70,28,27,75,59,75,57
Interpreters and Translators,4,53,43,66,55,50,45,66,54,75,61,25,18,3,Not relevant,72,57,3,Not relevant,78,57,69,57
"Medical Scientists, Except Epidemiologists",5,78,71,75,68,60,55,66,59,75,61,66,59,25,23,75,75,78,71,78,63,81,70
Microsystems Engineers,5,63,55,75,59,56,48,66,54,75,61,60,55,41,36,75,68,66,55,66,57,69,57
Orthotists and Prosthetists,5,69,61,75,59,50,50,56,52,75,61,50,45,16,11,78,63,44,46,75,59,75,59
Pharmacists,5,66,55,72,63,50,50,72,61,75,61,60,48,16,11,78,70,69,54,72,59,72,57
Registered Nurses,4,63,59,75,59,56,52,69,57,75,61,47,45,16,9,72,61,47,41,75,61,69,55
Actuaries,4,60,59,81,68,50,50,53,52,75,59,81,70,38,39,78,66,28,29,72,57,60,57
Adapted Physical Education Specialists,5,75,55,72,55,72,57,72,55,75,59,25,29,6,Not relevant,72,57,13,13,75,57,72,55
"Art, Drama, and Music Teachers, Postsecondary",5,75,61,66,55,78,61,69,55,75,59,25,30,10,5,75,66,19,16,91,68,72,59
Astronomers,5,75,68,78,61,63,54,60,55,75,59,75,71,31,30,81,73,81,71,72,70,75,71
Biologists,5,72,66,75,64,53,52,60,54,75,59,69,61,44,52,75,71,91,71,75,64,75,70
"Business Teachers, Postsecondary",5,72,63,72,63,75,68,66,57,75,59,50,46,22,18,75,71,22,20,81,70,75,71
"Career/Technical Education Teachers, Secondary School",4,66,54,72,55,72,57,72,57,75,59,47,45,19,14,75,59,19,13,75,59,72,55
Chiropractors,5,60,55,72,59,47,45,53,48,75,59,35,36,13,7,72,64,60,54,72,55,69,55
Compensation and Benefits Managers,4,69,54,72,57,50,43,63,48,75,59,47,41,13,9,75,57,3,Not relevant,75,57,69,57
Dermatologists,5,69,55,78,61,53,46,63,55,75,59,31,36,22,16,72,70,66,54,72,57,63,57
"Economics Teachers, Postsecondary",5,69,59,72,59,72,57,50,52,75,59,56,54,22,20,75,63,35,41,78,61,75,59
"Engineering Teachers, Postsecondary",5,66,59,72,59,78,61,60,59,75,59,72,64,25,23,75,70,63,52,78,70,72,68
Environmental Engineers,4,69,59,75,61,53,45,72,61,75,59,60,57,19,16,75,66,53,52,72,61,75,59
"Environmental Scientists and Specialists, Including Health",4,66,57,75,59,50,55,63,59,75,59,60,59,25,37,75,71,72,66,72,63,72,64
Financial Examiners,4,66,59,78,64,60,55,72,61,75,59,66,55,16,14,78,61,6,Not relevant,75,59,75,57
"Fraud Examiners, Investigators and Analysts",4,72,50,75,59,50,43,60,45,75,59,47,43,19,14,75,61,6,Not relevant,75,57,78,59
Fundraisers,4,56,50,72,57,47,43,53,50,75,59,50,43,13,7,75,57,10,5,78,63,75,59
"History Teachers, Postsecondary",5,72,57,72,55,78,61,66,57,75,59,25,29,6,Not relevant,81,68,22,25,88,68,78,68
Industrial Engineers,4,56,55,75,59,44,43,60,61,75,59,56,55,22,16,75,64,28,25,72,59,69,59
Investment Fund Managers,5,69,55,75,57,47,45,63,57,75,59,60,52,19,Not available,75,61,0,Not relevant,72,59,66,55
Logistics Engineers,4,69,55,72,61,50,50,56,55,75,59,72,57,41,32,78,63,38,41,69,57,75,59
Materials Engineers,4,56,64,72,61,50,52,53,55,75,59,69,57,22,25,75,68,75,68,69,59,69,63
Materials Scientists,5,72,57,78,59,53,48,60,59,75,59,60,57,22,14,78,70,78,71,72,61,72,61
Orthoptists,5,56,55,75,57,56,55,53,54,75,59,44,43,19,11,66,66,66,54,72,57,63,57
Physical Therapists,5,53,46,75,55,53,45,72,55,75,59,28,37,16,13,75,63,41,39,75,59,72,57
Physician Assistants,5,72,59,78,66,53,48,72,57,75,59,50,43,22,16,78,68,66,55,75,57,75,57
Range Managers,4,56,52,69,57,44,43,66,61,75,59,47,46,13,9,72,59,47,48,69,57,56,57
Rehabilitation Counselors,4,53,46,66,55,53,54,72,59,75,59,25,29,13,7,69,57,31,29,75,57,66,57
"Secondary School Teachers, Except Special and Career/Technical Education",4,66,54,72,55,75,63,72,59,75,59,47,43,19,11,75,59,25,25,78,59,69,55
"Social Work Teachers, Postsecondary",5,75,70,75,61,81,70,69,55,75,59,41,37,19,14,75,70,41,37,91,70,75,68
"Sociology Teachers, Postsecondary",5,66,63,69,59,75,70,69,55,75,59,28,46,13,7,75,70,44,54,91,68,75,68
"Special Education Teachers, Preschool",5,66,54,72,55,69,57,69,57,75,59,31,30,19,14,72,59,25,21,78,61,69,57
Survey Researchers,5,60,57,78,61,50,48,50,52,75,59,63,61,31,32,75,61,44,39,75,59,75,59
Fire Inspectors and Investigators,3,55,52,74,58,49,43,56,49,75,58,42,40,17,13,63,58,50,46,72,56,64,54
Administrative Services Managers,3,53,48,69,55,50,46,60,52,75,57,31,30,10,9,75,57,0,Not relevant,72,55,69,54
"Agents and Business Managers of Artists, Performers, and Athletes",4,63,50,69,54,41,39,47,43,75,57,28,29,13,7,75,57,16,9,75,57,66,55
Agricultural Engineers,4,56,55,78,61,47,45,53,54,75,57,72,57,28,23,75,66,60,48,72,57,72,61
Airfield Operations Specialists,3,56,46,69,55,50,45,75,59,75,57,28,30,10,5,69,57,16,11,69,55,60,46
Architectural and Engineering Managers,5,72,55,72,61,56,45,69,57,75,57,72,61,22,16,78,63,41,39,75,57,75,59
Art Directors,4,60,54,69,57,50,46,56,54,75,57,35,41,16,13,69,55,10,5,75,57,56,57
Art Therapists,5,69,55,72,57,53,55,72,57,75,57,28,30,22,13,72,57,25,25,75,59,66,57
Athletic Trainers,5,69,57,72,59,53,55,72,59,75,57,28,30,6,Not relevant,69,55,35,27,72,57,63,55
Broadcast Announcers and Radio Disc Jockeys,4,56,46,69,55,28,34,56,48,75,57,22,18,6,Not relevant,75,55,0,Not relevant,91,63,56,57
Budget Analysts,4,56,48,69,55,47,39,53,48,75,57,69,50,22,16,72,57,6,Not relevant,69,48,56,54
"Career/Technical Education Teachers, Middle School",4,63,50,72,55,75,57,72,54,75,57,38,34,19,11,75,59,22,20,78,57,66,52
"Career/Technical Education Teachers, Postsecondary",3,72,57,69,54,75,57,66,57,75,57,31,32,13,9,72,55,22,14,72,57,66,57
"Chemistry Teachers, Postsecondary",5,75,57,75,57,75,57,75,57,75,57,56,54,22,16,78,71,75,61,78,71,78,70
Chief Sustainability Officers,5,69,55,78,59,60,54,69,57,75,57,47,45,22,16,75,61,28,27,75,59,78,61
Civil Engineers,4,56,66,72,66,47,52,56,55,75,57,72,68,22,27,72,71,69,57,72,55,56,55
Clinical Research Coordinators,4,60,57,69,57,53,48,66,54,75,57,47,43,16,13,75,61,50,43,72,57,75,57
Coaches and Scouts,4,72,57,75,57,78,57,78,68,75,57,28,29,6,Not relevant,75,57,16,16,85,57,66,57
Commercial and Industrial Designers,4,50,57,69,57,44,41,53,54,75,57,44,50,22,21,72,59,41,39,63,57,53,55
Compliance Officers,3,56,43,66,55,41,39,53,46,75,57,35,32,19,16,72,57,0,Not relevant,72,57,63,54
Computer and Information Systems Managers,4,60,55,78,57,56,50,72,63,75,57,53,45,44,37,75,57,19,20,72,55,69,57
Computer Systems Engineers/Architects,4,69,57,78,55,50,46,63,54,75,57,53,46,60,59,78,61,53,50,69,55,72,57
Computer User Support Specialists,3,53,46,69,57,47,45,50,45,75,57,31,30,28,30,75,57,19,21,75,57,66,45
Critical Care Nurses,4,72,57,75,59,50,52,78,57,75,57,47,41,19,13,75,57,50,45,75,57,60,57
Customs and Border Protection Officers,3,60,45,75,55,41,41,66,54,75,57,31,30,13,7,72,55,22,16,75,57,66,54
Customs Brokers,3,56,52,69,55,53,43,56,52,75,57,50,43,22,20,72,57,0,Not relevant,69,57,69,55
"Dentists, General",5,72,64,78,63,53,54,75,57,75,57,44,43,16,11,75,71,69,54,75,57,56,57
Dietitians and Nutritionists,5,66,59,75,59,69,59,72,59,75,57,50,43,19,14,75,70,56,52,75,59,72,61
Economists,5,72,57,78,64,53,50,53,52,75,57,78,61,25,25,78,68,25,32,75,61,75,61
"Education and Childcare Administrators, Preschool and Daycare",4,63,55,75,57,66,55,75,59,75,57,47,41,13,9,75,59,13,11,75,57,69,57
"Elementary School Teachers, Except Special Education",4,69,55,75,57,78,64,72,61,75,57,47,39,13,7,75,57,28,25,81,57,72,55
Emergency Management Directors,4,69,63,75,63,66,55,75,63,75,57,50,45,16,9,75,61,28,23,78,61,75,61
"Environmental Science and Protection Technicians, Including Health",4,53,45,72,54,50,45,56,55,75,57,53,45,19,16,72,57,66,48,69,54,66,55
Executive Secretaries and Executive Administrative Assistants,3,53,45,56,54,47,43,53,52,75,57,44,32,22,18,75,57,10,5,72,55,69,54
Exercise Physiologists,4,56,55,75,57,56,54,69,57,75,57,47,43,22,16,75,64,47,43,75,59,72,57
Financial Managers,4,69,57,75,57,63,57,75,64,75,57,56,48,10,5,75,57,10,5,75,57,72,57
First-Line Supervisors of Correctional Officers,3,56,46,75,57,53,45,75,61,75,57,28,29,13,7,69,57,13,7,72,57,63,52
First-Line Supervisors of Non-Retail Sales Workers,4,63,52,66,55,56,52,75,61,75,57,50,43,13,9,66,59,0,Not relevant,75,57,66,57
Food Scientists and Technologists,4,69,55,72,61,50,43,72,55,75,57,53,45,16,13,75,61,60,48,72,57,75,57
General and Operations Managers,4,63,52,72,57,50,46,75,57,75,57,35,36,13,9,72,57,22,16,75,57,56,55
Genetic Counselors,5,72,55,72,59,50,46,50,43,75,57,44,39,10,7,78,68,56,45,72,55,72,61
Geneticists,5,75,59,75,63,72,55,69,55,75,57,72,57,22,16,81,71,78,63,75,59,75,70
"Geography Teachers, Postsecondary",5,72,59,72,57,72,55,53,55,75,57,44,43,25,20,75,68,53,50,78,70,78,70
Historians,5,69,54,78,59,50,52,50,45,75,57,19,16,6,Not relevant,94,70,41,37,72,59,75,70
"Human Resources Assistants, Except Payroll and Timekeeping",3,50,45,60,52,38,41,60,50,75,57,25,29,19,11,75,57,3,Not relevant,69,54,63,52
Human Resources Specialists,4,56,48,72,57,50,46,50,54,75,57,25,29,16,9,75,57,3,Not relevant,78,57,72,57
Industrial Ecologists,5,66,57,72,61,50,50,53,55,75,57,60,57,25,29,78,68,66,59,75,57,75,66
Information Technology Project Managers,4,60,55,78,61,50,46,66,64,75,57,47,45,31,23,75,57,28,21,72,57,75,57
Interior Designers,4,53,46,75,57,47,37,53,48,75,57,50,45,19,13,75,55,10,7,75,57,66,54
"Interviewers, Except Eligibility and Loan",3,47,43,56,46,47,41,50,45,75,57,31,30,22,16,63,52,0,Not relevant,72,57,56,48
"Kindergarten Teachers, Except Special Education",4,56,45,56,54,75,55,75,57,75,57,31,32,6,Not relevant,72,54,10,7,75,46,56,46
Landscape Architects,4,69,54,72,55,47,43,50,50,75,57,50,45,13,11,75,57,38,41,72,57,69,55
Loan Officers,4,53,45,69,57,44,37,47,43,75,57,56,45,16,13,72,57,0,Not relevant,75,57,60,55
Loss Prevention Managers,4,69,54,72,57,56,46,72,57,75,57,44,39,16,11,75,57,0,Not relevant,75,57,69,55
"Low Vision Therapists, Orientation and Mobility Specialists, and Vision Rehabilitation Therapists",5,69,55,63,55,75,55,69,57,75,57,28,27,10,7,72,57,25,20,75,57,69,57
"Mathematical Science Teachers, Postsecondary",5,69,59,72,59,72,61,72,57,75,57,81,70,19,13,75,70,35,32,78,63,72,68
Media Programming Directors,4,75,55,81,57,53,46,66,54,75,57,25,34,10,5,78,57,16,9,78,57,72,57
Media Technical Directors/Managers,4,60,52,72,57,56,50,75,66,75,57,28,32,19,16,66,57,3,Not relevant,75,57,60,50
Medical and Health Services Managers,5,72,57,78,57,53,54,66,57,75,57,44,41,19,14,75,59,44,45,81,57,75,57
"Meeting, Convention, and Event Planners",4,60,45,72,55,35,41,63,54,75,57,38,36,10,5,75,57,6,Not relevant,75,57,63,52
Microbiologists,5,72,64,75,64,66,55,69,55,75,57,50,55,25,30,78,75,88,71,72,57,78,68
"Middle School Teachers, Except Special and Career/Technical Education",4,69,55,66,52,75,57,72,57,75,57,50,43,10,9,75,57,16,13,78,57,75,57
"Morticians, Undertakers, and Funeral Arrangers",3,53,46,56,55,47,41,53,54,75,57,47,37,10,7,56,55,22,25,72,57,56,57
New Accounts Clerks,3,44,37,53,50,38,30,53,43,75,57,47,43,16,11,63,52,0,Not relevant,75,55,50,43
Nuclear Technicians,3,50,45,72,52,41,36,75,57,75,57,47,48,16,11,66,57,50,45,69,52,53,43
Nurse Anesthetists,5,75,57,78,57,60,50,75,57,75,57,56,46,6,Not relevant,78,61,72,55,75,57,60,50
Operations Research Analysts,5,72,59,78,63,50,45,47,43,75,57,88,68,38,39,75,63,53,45,72,57,75,57
Personal Financial Advisors,4,60,46,72,59,47,43,53,52,75,57,60,55,19,14,75,57,22,18,75,57,75,57
Physical Therapist Assistants,3,56,45,56,55,47,45,69,55,75,57,31,29,19,14,56,55,35,30,69,55,56,45
Police and Sheriff's Patrol Officers,3,58,46,75,56,47,43,64,49,75,57,25,26,8,Not relevant,64,55,17,12,75,56,58,47
"Political Science Teachers, Postsecondary",5,75,57,72,59,72,57,50,52,75,57,25,30,6,Not relevant,78,70,35,32,91,71,75,70
Probation Officers and Correctional Treatment Specialists,4,60,46,72,57,31,37,69,55,75,57,22,18,16,11,72,59,19,11,75,57,69,55
Real Estate Sales Agents,3,53,46,66,57,38,34,50,43,75,57,53,46,16,9,60,57,3,Not relevant,75,57,60,50
"Recreation and Fitness Studies Teachers, Postsecondary",5,60,57,72,57,75,57,69,57,75,57,28,37,6,Not relevant,75,61,35,39,78,59,75,59
Recreation Workers,4,53,45,56,52,53,45,69,48,75,57,28,29,10,5,53,46,16,9,75,57,53,45
Recreational Therapists,4,60,48,69,57,60,48,60,52,75,57,25,29,13,11,69,55,35,29,75,55,66,55
Regulatory Affairs Specialists,4,56,55,72,61,50,43,56,54,75,57,38,41,22,20,72,68,22,16,75,59,75,59
Reservation and Transportation Ticket Agents and Travel Clerks,2,50,43,60,52,41,37,50,41,75,57,41,36,22,13,63,45,0,Not relevant,75,46,53,43
Sales Managers,4,69,55,72,57,56,54,69,68,75,57,50,46,16,13,72,57,16,9,75,59,66,57
"Sales Representatives, Wholesale and Manufacturing, Except Technical and Scientific Products",4,53,46,63,54,31,30,53,46,75,57,31,32,13,7,60,54,0,Not relevant,75,57,56,46
Social and Human Service Assistants,4,56,46,66,57,47,43,66,54,75,57,25,29,16,13,69,57,19,21,75,59,66,55
"Special Education Teachers, Middle School",4,75,55,72,55,75,59,69,55,75,57,41,39,13,11,72,57,13,7,78,57,69,57
"Special Education Teachers, Secondary School",4,60,55,69,57,78,68,72,57,75,57,44,41,19,14,75,57,25,23,75,55,75,57
Supply Chain Managers,4,69,54,72,57,50,46,75,59,75,57,50,43,16,13,75,57,3,Not relevant,75,57,72,57
Talent Directors,4,50,45,72,57,44,37,60,52,75,57,25,27,16,9,72,57,13,7,75,57,56,46
"Tax Examiners and Collectors, and Revenue Agents",3,56,52,72,52,47,43,50,41,75,57,53,46,16,13,75,59,0,Not relevant,72,54,60,46
Training and Development Managers,4,72,61,72,57,85,75,72,61,75,57,50,43,19,11,75,57,22,13,75,68,72,57
Transportation Planners,4,69,54,75,61,53,45,60,54,75,57,56,54,25,25,75,61,38,30,72,55,72,57
Water Resource Specialists,4,56,54,75,57,53,46,56,54,75,57,56,54,22,21,75,59,50,46,75,57,75,57
Wind Energy Operations Managers,3,50,52,72,57,50,45,72,59,75,57,50,46,22,18,72,57,25,16,72,57,69,57
Zoologists and Wildlife Biologists,5,69,54,75,59,47,43,56,50,75,57,50,43,19,16,75,66,75,55,72,55,72,61
Acute Care Nurses,3,69,55,75,57,53,52,75,59,75,55,44,41,16,11,75,64,50,45,75,57,63,52
Anesthesiologist Assistants,5,63,52,66,54,47,46,69,55,75,55,47,41,10,9,69,61,50,41,66,54,53,50
Choreographers,4,60,46,69,50,63,48,72,52,75,55,22,14,6,Not relevant,66,46,13,7,75,57,53,43
Climate Change Policy Analysts,5,69,55,75,57,50,45,53,54,75,55,50,46,22,18,81,61,41,39,72,61,72,59
Concierges,3,47,41,56,52,31,30,50,43,75,55,25,29,10,5,50,46,0,Not relevant,75,48,44,41
Court Reporters and Simultaneous Captioners,3,35,34,38,39,25,27,50,43,75,55,16,9,3,Not relevant,53,52,0,Not relevant,50,45,60,46
"Dispatchers, Except Police, Fire, and Ambulance",2,50,41,53,54,44,39,72,46,75,55,28,29,10,5,69,46,3,Not relevant,75,55,53,41
Fashion Designers,3,72,48,75,52,53,45,66,54,75,55,31,32,10,9,69,54,3,Not relevant,72,52,63,50
First-Line Supervisors of Office and Administrative Support Workers,3,69,54,72,55,66,54,75,57,75,55,44,39,22,14,75,54,0,Not relevant,75,57,69,54
Occupational Health and Safety Technicians,3,53,46,72,55,50,45,60,54,75,55,38,39,22,16,72,55,47,41,72,55,63,55
Orthodontists,5,69,55,75,57,50,48,69,54,75,55,31,34,6,Not relevant,69,59,66,52,75,57,60,57
Parts Salespersons,2,47,43,56,45,31,30,53,41,75,55,38,36,13,9,72,45,0,Not relevant,75,45,53,41
Pharmacy Technicians,3,53,45,56,52,47,41,53,45,75,55,50,43,13,7,69,52,22,21,69,46,50,43
Prosthodontists,5,50,46,72,57,47,45,63,50,75,55,28,36,16,9,63,55,50,45,75,55,60,48
Surgical Assistants,3,50,45,66,50,53,45,66,50,75,55,38,37,13,13,66,57,41,37,69,55,53,48
"Secretaries and Administrative Assistants, Except Legal, Medical, and Executive",2,47,43,50,52,28,27,53,46,75,54,25,23,16,11,72,55,0,Not relevant,75,52,69,50
First-Line Supervisors of Material-Moving Machine and Vehicle Operators,2,53,45,72,50,50,43,69,50,75,52,38,29,10,5,69,54,6,Not relevant,72,54,56,48
Telemarketers,2,22,21,47,48,10,7,38,34,75,52,13,9,3,Not relevant,53,46,3,Not relevant,81,52,35,37
Telephone Operators,2,35,29,50,46,28,27,41,34,75,50,22,20,16,9,50,39,0,Not relevant,75,48,35,36
Postmasters and Mail Superintendents,2,56,45,69,55,60,46,69,52,75,48,44,36,19,13,75,55,13,7,75,57,56,54
Order Clerks,2,53,43,56,52,35,30,56,39,75,46,50,41,13,7,72,48,3,Not relevant,72,46,53,41
Transit and Railroad Police,3,56,43,72,48,47,46,60,50,75,46,25,29,16,11,53,46,3,Not relevant,75,55,56,43
Floral Designers,2,50,41,56,48,31,30,50,41,75,45,31,30,10,5,47,43,6,Not relevant,72,48,38,39
Accountants and Auditors,4,58,50,72,55,49,43,58,51,74,57,67,57,16,14,74,58,22,23,70,55,69,52
Appraisers and Assessors of Real Estate,4,59,47,72,55,27,29,45,40,74,54,55,53,13,8,74,57,17,13,69,55,61,54
"Securities, Commodities, and Financial Services Sales Agents",4,55,53,74,60,41,38,54,52,73,58,59,54,20,17,72,60,8,Not relevant,72,58,58,55
"Computer Science Teachers, Postsecondary",5,72,59,72,64,72,63,69,57,72,63,53,50,50,45,75,71,44,37,75,70,75,70
Human Factors Engineers and Ergonomists,5,63,61,75,63,56,50,60,59,72,63,56,57,31,34,75,70,50,45,75,61,72,61
"Architects, Except Landscape and Naval",5,66,59,75,64,56,45,69,63,72,61,63,59,22,18,75,68,47,43,75,57,72,59
Biostatisticians,5,75,70,75,70,60,55,50,52,72,61,91,73,60,57,75,73,75,66,75,64,72,70
Curators,5,63,59,69,63,56,50,60,57,72,61,47,43,19,14,75,66,25,18,75,59,72,66
Forensic Science Technicians,4,56,52,72,57,50,48,53,50,72,61,44,45,19,18,72,63,60,46,72,59,72,59
"Geoscientists, Except Hydrologists and Geographers",5,56,54,75,61,53,45,53,48,72,61,60,59,25,23,78,70,75,66,75,63,72,66
Sales Engineers,4,66,55,75,57,50,50,50,52,72,61,50,54,28,27,75,68,31,32,75,59,69,57
Social and Community Service Managers,4,72,55,72,59,66,54,72,57,72,61,41,45,19,13,69,59,31,29,69,59,69,57
Treasurers and Controllers,4,66,61,78,68,50,48,72,64,72,61,69,61,16,14,78,61,6,Not relevant,75,61,66,59
"Health and Safety Engineers, Except Mining Safety Engineers and Inspectors",4,66,55,75,60,56,49,61,55,72,60,49,47,25,21,75,65,61,55,74,59,74,59
Aerospace Engineers,4,66,55,78,66,60,54,69,55,72,59,72,68,28,Not available,75,71,75,73,72,61,72,64
Business Intelligence Analysts,4,69,59,75,61,50,43,53,48,72,59,60,55,41,36,75,63,19,11,72,57,69,59
Compliance Managers,4,69,55,75,61,56,50,69,66,72,59,28,32,19,13,75,59,10,7,72,59,72,59
Construction Managers,4,66,55,69,59,50,45,72,61,72,59,56,52,13,7,69,59,22,25,72,59,56,55
Coroners,3,60,54,75,59,50,43,56,50,72,59,41,36,13,7,75,61,53,54,75,59,72,59
Environmental Restoration Planners,5,63,57,75,59,50,46,69,55,72,59,56,48,31,27,72,61,63,55,72,59,72,61
Logisticians,4,63,50,75,59,50,50,72,66,72,59,50,48,22,25,72,59,19,13,72,57,60,54
Manufacturing Engineers,4,66,64,69,57,56,55,72,66,72,59,75,64,22,36,75,68,53,54,72,59,69,63
Marketing Managers,4,72,59,72,61,53,50,69,61,72,59,44,45,22,18,72,61,19,21,72,59,56,55
Producers and Directors,4,53,53,72,57,45,42,70,60,72,59,31,35,17,12,69,60,2,Not relevant,75,58,66,54
Quality Control Systems Managers,4,63,57,69,59,60,50,72,59,72,59,53,48,25,21,78,57,35,Not available,69,54,69,54
Soil and Plant Scientists,5,75,64,75,63,56,55,56,59,72,59,56,55,28,29,75,71,75,70,75,66,72,63
Acupuncturists,5,53,46,69,55,41,41,56,50,72,57,25,29,6,Not relevant,60,57,38,30,63,55,53,50
Animal Scientists,5,72,63,75,61,56,46,63,57,72,57,60,50,22,14,75,66,85,63,75,59,75,61
Brownfield Redevelopment Specialists and Site Managers,4,56,55,75,61,50,43,75,59,72,57,66,55,16,11,75,64,50,46,75,59,72,59
Computer Systems Analysts,4,63,59,72,61,50,45,56,57,72,57,50,50,53,52,72,63,31,30,69,57,63,57
Conservation Scientists,4,56,54,69,57,44,46,63,54,72,57,60,54,22,21,72,59,63,55,69,55,69,57
Credit Counselors,4,66,50,69,55,53,45,50,43,72,57,53,43,13,11,72,55,0,Not relevant,75,57,69,54
Diagnostic Medical Sonographers,3,60,45,63,50,50,43,63,46,72,57,28,32,6,Not relevant,69,55,56,41,69,52,56,48
Editors,4,53,55,72,57,47,43,50,48,72,57,28,34,16,11,97,73,0,Not relevant,69,57,81,71
Electrical Engineers,4,63,48,72,57,47,43,63,50,72,57,56,57,25,21,72,61,53,50,69,54,72,55
"Energy Engineers, Except Wind and Solar",4,69,55,75,59,47,43,72,55,72,57,69,59,25,18,78,68,66,63,69,57,72,59
Environmental Compliance Inspectors,4,69,59,75,61,50,46,69,63,72,57,50,45,16,16,75,68,50,46,72,61,72,59
Environmental Engineering Technologists and Technicians,4,69,55,72,57,50,43,60,54,72,57,50,54,28,29,72,57,60,54,60,57,53,55
Fire-Prevention and Protection Engineers,4,66,55,78,59,47,48,50,48,72,57,47,45,22,23,75,57,63,55,72,57,72,57
First-Line Supervisors of Production and Operating Workers,3,53,45,69,54,53,45,69,55,72,57,35,41,6,Not relevant,63,54,13,9,72,54,53,52
Geodetic Surveyors,4,56,55,75,57,50,50,60,55,72,57,78,68,35,43,75,63,53,52,56,55,56,59
Geographers,5,69,55,72,57,56,52,50,50,72,57,47,43,16,13,75,68,66,55,75,61,75,68
Hydrologists,5,66,63,75,64,50,48,63,57,72,57,69,63,28,37,72,66,72,63,69,59,66,59
Industrial Production Managers,4,66,57,75,57,69,57,75,70,72,57,60,54,16,11,72,57,16,16,75,57,60,57
Insurance Sales Agents,4,50,48,69,55,44,39,47,43,72,57,50,43,19,11,75,57,3,Not relevant,72,57,66,52
Licensed Practical and Licensed Vocational Nurses,3,60,46,69,57,53,45,72,57,72,57,47,41,6,Not relevant,69,59,41,37,72,57,56,45
Logistics Analysts,4,53,54,75,59,44,43,69,57,72,57,50,54,25,25,75,57,19,11,69,48,60,57
Marine Engineers and Naval Architects,4,61,63,74,63,47,43,63,57,72,57,66,69,27,26,74,68,58,62,72,57,63,57
Market Research Analysts and Marketing Specialists,4,63,57,75,57,50,43,56,52,72,57,56,48,28,29,75,66,31,32,72,57,75,59
Mechanical Engineers,4,60,63,72,61,44,50,53,61,72,57,72,70,38,34,72,70,72,66,53,55,56,57
"Mining and Geological Engineers, Including Mining Safety Engineers",4,63,59,75,64,53,48,69,64,72,57,69,66,41,43,75,68,63,57,75,59,75,61
Ophthalmic Medical Technologists,3,50,43,56,52,50,43,50,45,72,57,41,37,16,13,53,55,31,39,72,57,53,50
Oral and Maxillofacial Surgeons,5,72,64,75,68,47,48,72,55,72,57,41,39,13,7,75,75,63,55,72,59,63,55
Paralegals and Legal Assistants,3,53,46,60,50,31,30,50,43,72,57,22,23,13,9,75,57,16,11,69,54,69,55
Petroleum Engineers,4,69,55,75,63,50,43,69,55,72,57,56,57,22,16,75,68,60,57,72,57,72,61
Purchasing Managers,4,60,55,72,57,53,52,63,55,72,57,50,48,22,16,69,54,6,Not relevant,72,55,69,57
Real Estate Brokers,4,66,54,72,55,38,29,53,48,72,57,47,43,13,7,72,59,3,Not relevant,75,57,60,50
Regulatory Affairs Managers,4,60,55,72,59,50,50,72,59,72,57,38,41,19,11,75,61,38,29,75,57,75,57
Robotics Engineers,4,69,64,75,66,60,54,72,55,72,57,69,66,53,55,72,70,53,54,56,55,69,55
Sustainability Specialists,4,56,48,72,57,53,45,63,50,72,57,47,41,13,9,75,59,31,25,75,59,75,59
Tax Preparers,3,53,45,63,52,44,43,53,43,72,57,53,46,16,9,75,57,0,Not relevant,56,50,50,43
Travel Guides,3,47,41,56,50,47,45,47,46,72,57,44,36,16,13,56,50,6,Not relevant,72,46,53,45
Validation Engineers,4,56,52,75,59,50,45,72,57,72,57,53,52,22,14,78,64,69,63,75,57,75,59
Water/Wastewater Engineers,4,56,57,75,59,53,54,66,57,72,57,72,64,28,36,75,63,63,Not available,69,57,75,57
First-Line Supervisors of Firefighting and Prevention Workers,3,69,55,75,59,60,52,75,63,72,56,44,46,14,8,64,56,36,32,74,57,61,54
Archivists,5,56,46,60,55,47,41,50,45,72,55,25,30,19,13,75,57,25,16,56,55,75,57
Biomass Power Plant Managers,4,53,48,75,57,50,45,72,66,72,55,50,46,16,13,72,61,38,36,75,57,53,54
Brokerage Clerks,3,50,43,60,52,41,39,53,43,72,55,50,50,25,25,69,54,0,Not relevant,72,52,53,50
Cardiovascular Technologists and Technicians,3,53,48,69,54,47,43,69,54,72,55,41,36,16,9,66,59,50,41,69,52,53,50
Chemical Technicians,3,60,46,75,59,53,46,72,55,72,55,50,45,13,9,75,59,78,59,60,48,72,57
Clinical Data Managers,4,66,57,75,61,47,46,66,59,72,55,63,55,56,52,72,61,35,32,72,57,69,57
Commercial Pilots,3,66,57,75,57,56,48,75,57,72,55,44,37,16,11,66,57,47,43,66,52,47,45
Computer Hardware Engineers,4,69,59,75,59,47,45,53,46,72,55,56,48,38,39,75,64,47,46,72,57,72,59
Construction and Building Inspectors,3,53,45,69,55,50,45,50,45,72,55,50,46,16,13,72,55,41,29,72,55,50,43
"First-Line Supervisors of Helpers, Laborers, and Material Movers, Hand",2,47,41,69,54,50,48,60,50,72,55,28,34,10,5,53,54,6,Not relevant,69,54,50,48
"First-Line Supervisors of Landscaping, Lawn Service, and Groundskeeping Workers",3,53,43,69,54,53,43,75,54,72,55,47,41,16,11,53,52,16,14,69,57,50,43
Hearing Aid Specialists,3,53,45,53,52,50,43,53,43,72,55,28,37,13,9,56,48,19,13,60,52,53,43
Industrial Engineering Technologists and Technicians,3,50,52,72,55,44,43,60,55,72,55,53,54,22,23,75,57,47,45,56,54,53,54
Magnetic Resonance Imaging Technologists,3,50,43,56,52,47,43,66,55,72,55,38,37,19,13,72,55,41,32,66,54,53,46
Medical Assistants,3,56,48,66,52,53,45,63,50,72,55,41,37,13,9,69,57,41,32,72,57,60,46
Museum Technicians and Conservators,4,50,45,56,48,47,43,53,46,72,55,31,36,13,9,66,59,35,32,66,50,56,54
Nuclear Monitoring Technicians,3,50,45,72,57,53,46,72,57,72,55,53,45,13,9,69,57,53,45,63,48,53,52
Nuclear Power Reactor Operators,3,53,45,72,57,50,43,72,57,72,55,44,39,25,18,75,55,44,43,56,46,63,43
Occupational Health and Safety Specialists,4,60,57,72,59,56,50,66,59,72,55,60,48,19,18,72,57,47,48,75,59,66,55
Occupational Therapy Assistants,3,53,43,56,46,47,45,60,48,72,55,35,32,6,Not relevant,66,52,22,23,69,48,66,52
"Poets, Lyricists and Creative Writers",4,63,55,69,55,47,39,47,46,72,55,13,7,16,9,81,66,10,7,66,55,94,82
Police Identification and Records Officers,3,53,46,72,57,44,41,53,46,72,55,28,34,13,9,66,59,19,14,69,55,60,46
Precision Agriculture Technicians,4,63,54,72,52,44,39,56,50,72,55,56,48,31,23,72,57,50,45,69,48,60,48
Psychiatric Technicians,3,50,46,66,55,53,50,72,55,72,55,25,27,13,7,69,57,22,21,75,57,56,45
"Purchasing Agents, Except Wholesale, Retail, and Farm Products",4,69,55,69,55,50,45,69,55,72,55,47,41,6,Not relevant,75,57,3,Not relevant,72,57,69,54
Residential Advisors,3,50,43,66,57,44,41,69,52,72,55,25,29,10,7,53,48,10,5,69,55,50,43
Respiratory Therapists,3,66,52,72,57,53,43,72,55,72,55,44,41,13,7,66,57,50,50,69,57,53,50
Set and Exhibit Designers,5,53,45,69,54,47,39,53,50,72,55,50,48,19,13,72,57,19,13,69,52,56,45
Special Effects Artists and Animators,4,53,48,69,54,47,43,50,46,72,55,28,34,28,23,69,57,3,Not relevant,56,50,53,43
Statisticians,5,66,55,78,70,50,45,47,45,72,55,94,82,50,52,75,70,63,57,69,61,63,63
Chemists,4,60,59,75,59,47,45,56,54,72,54,72,63,28,25,75,71,81,73,63,57,66,68
Computer Network Architects,4,56,52,75,61,47,46,56,50,72,54,56,55,63,48,72,61,28,23,69,57,66,54
Customer Service Representatives,2,50,41,53,46,41,41,50,43,72,54,25,30,13,9,60,48,0,Not relevant,72,54,44,43
"Directors, Religious Activities and Education",4,63,54,69,55,63,54,50,55,72,54,35,41,19,11,72,59,19,13,75,57,60,55
Energy Auditors,3,53,46,69,54,50,43,56,48,72,54,60,45,13,11,72,55,50,43,69,48,69,54
First-Line Supervisors of Personal Service Workers,3,50,43,72,54,50,43,56,50,72,54,28,30,10,5,63,50,13,9,69,54,53,45
Fish and Game Wardens,4,50,50,72,57,47,43,60,50,72,54,41,41,13,7,66,59,44,39,69,52,53,48
"Production, Planning, and Expediting Clerks",3,41,41,60,55,38,36,60,50,72,54,41,36,16,9,72,57,6,Not relevant,66,48,60,45
Solar Sales Representatives and Assessors,3,53,48,63,54,38,36,53,48,72,54,44,46,16,11,63,55,10,13,75,55,56,48
Bill and Account Collectors,2,47,39,53,50,28,30,50,41,72,52,41,37,6,Not relevant,53,52,0,Not relevant,72,52,56,45
Demonstrators and Product Promoters,2,47,43,50,43,44,39,50,45,72,52,28,27,3,Not relevant,56,46,0,Not relevant,72,55,50,43
First-Line Supervisors of Retail Sales Workers,2,50,48,63,55,50,50,63,55,72,52,44,43,19,14,50,55,0,Not relevant,69,55,50,52
Medical Appliance Technicians,3,50,43,69,50,47,41,56,45,72,52,44,41,10,5,66,52,22,23,66,45,50,43
Writers and Authors,4,50,45,63,52,41,37,50,45,72,52,28,27,10,9,81,59,16,16,66,50,81,59
First-Line Supervisors of Gambling Services Workers,2,44,41,63,54,38,32,75,49,72,51,38,30,5,Not relevant,50,46,11,Not relevant,72,50,50,43
Medical Secretaries and Administrative Assistants,2,31,32,53,43,28,30,50,41,72,50,28,29,10,5,63,45,3,Not relevant,75,52,53,43
Aviation Inspectors,3,53,46,75,57,47,43,60,48,72,48,31,34,10,7,72,48,47,50,72,57,66,46
Correctional Officers and Jailers,2,50,43,66,52,50,43,72,55,72,48,25,29,13,7,63,54,16,9,75,52,53,45
Dental Assistants,3,53,45,50,45,38,36,53,43,72,48,28,29,10,5,56,46,25,25,60,45,50,43
"Explosives Workers, Ordnance Handling Experts, and Blasters",2,53,45,66,50,50,41,69,52,72,48,38,41,0,Not relevant,53,52,22,20,60,45,47,41
Flight Attendants,2,53,43,53,52,44,32,72,48,72,46,25,27,10,5,53,50,10,7,78,54,50,41
Medical and Clinical Laboratory Technicians,3,50,45,60,48,47,45,53,45,72,45,44,36,22,14,63,48,56,48,60,45,53,43
"Preschool Teachers, Except Special Education",3,53,43,69,45,72,57,69,50,72,45,25,27,0,Not relevant,69,46,16,9,75,45,50,43
"Hairdressers, Hairstylists, and Cosmetologists",3,56,43,60,50,47,43,50,43,72,43,35,29,10,5,50,43,16,14,69,43,47,41
Nannies,2,50,43,63,46,56,46,75,55,72,43,16,11,0,Not relevant,50,43,19,14,72,48,53,41
"Switchboard Operators, Including Answering Service",2,41,32,47,39,28,29,47,34,72,43,19,20,13,7,50,43,0,Not relevant,75,39,50,34
"Transportation, Storage, and Distribution Managers",4,57,52,73,58,52,48,72,59,71,57,52,45,12,8,72,57,11,Not relevant,73,57,66,52
"Captains, Mates, and Pilots of Water Vessels",3,57,47,71,52,45,42,68,52,71,51,42,38,14,Not relevant,57,52,23,21,69,49,49,45
"Claims Adjusters, Examiners, and Investigators",4,58,47,72,57,36,37,53,45,70,56,49,44,11,9,72,58,11,Not relevant,70,55,67,54
Librarians and Media Collections Specialists,5,56,50,63,53,55,48,55,49,70,54,27,29,11,Not relevant,66,54,11,Not relevant,66,52,61,53
Radiologic Technologists and Technicians,3,52,44,60,48,42,40,56,46,70,54,28,32,16,9,66,55,34,31,70,54,56,46
"First-Line Supervisors of Farming, Fishing, and Forestry Workers",3,54,47,67,51,51,45,69,54,70,53,42,38,11,Not relevant,56,53,33,30,67,52,52,48
Firefighters,3,53,43,67,54,53,43,70,53,70,50,33,32,6,Not relevant,58,50,28,23,64,46,49,42
Midwives,5,60,52,75,57,56,48,75,66,69,63,31,36,16,11,66,61,47,41,69,57,53,52
Computer and Information Research Scientists,5,63,70,75,61,50,50,53,57,69,59,60,63,66,64,69,64,53,48,63,59,60,59
Cost Estimators,4,56,55,72,61,47,43,50,52,69,59,75,61,22,23,72,59,13,9,69,54,63,54
Photonics Engineers,4,66,71,75,68,50,46,50,52,69,59,66,70,31,39,72,71,63,57,66,57,72,68
Remote Sensing Scientists and Technologists,5,53,55,75,61,47,45,63,55,69,59,72,61,38,34,75,70,75,59,72,55,72,68
Social Science Research Assistants,4,53,52,69,55,50,45,47,45,69,59,53,55,41,39,75,68,56,48,60,54,69,55
Advertising Sales Agents,4,47,52,56,54,41,37,50,48,69,57,44,39,22,16,60,55,0,Not relevant,78,57,53,48
Civil Engineering Technologists and Technicians,3,47,43,72,52,31,37,56,48,69,57,66,48,22,14,69,59,44,37,60,50,56,50
"Compensation, Benefits, and Job Analysis Specialists",4,60,52,72,57,50,50,56,52,69,57,47,48,19,21,72,59,35,32,69,57,60,55
Computer Programmers,4,53,46,69,55,35,37,50,45,69,57,53,45,94,70,60,50,44,39,53,48,56,46
Dental Hygienists,3,50,43,63,45,44,43,53,43,69,57,25,23,10,7,50,48,35,34,63,43,53,45
Financial Quantitative Analysts,5,63,57,78,66,50,46,50,45,69,57,81,70,44,Not available,75,64,22,21,69,54,60,55
Insurance Underwriters,4,53,48,69,55,44,43,50,43,69,57,47,41,13,11,69,54,10,5,66,52,69,54
Legal Secretaries and Administrative Assistants,3,44,39,53,45,31,29,50,43,69,57,25,29,10,7,72,55,0,Not relevant,69,46,72,55
Medical and Clinical Laboratory Technologists,4,56,55,69,57,47,43,56,55,69,57,50,43,25,27,69,59,66,61,56,54,53,52
Neurodiagnostic Technologists,3,50,48,72,55,50,46,66,52,69,57,35,32,22,16,63,57,44,39,69,52,56,50
Procurement Clerks,3,56,50,66,52,31,32,63,48,69,57,47,34,10,7,75,55,0,Not relevant,75,54,69,46
"Property, Real Estate, and Community Association Managers",4,50,45,63,55,44,45,53,45,69,57,50,43,13,7,72,57,10,7,75,57,66,57
Search Marketing Strategists,4,69,55,69,55,47,43,60,54,69,57,44,41,44,30,72,59,6,Not relevant,66,54,63,54
Video Game Designers,4,63,52,66,55,50,43,56,50,69,57,41,43,75,57,66,57,6,Not available,60,50,56,52
Biofuels Production Managers,4,56,52,72,55,60,50,69,55,69,55,50,46,28,23,72,57,50,50,66,57,63,50
Business Continuity Planners,4,69,54,72,64,53,52,63,55,69,55,44,41,25,18,72,59,3,Not relevant,75,57,72,57
Correspondence Clerks,2,41,39,69,54,38,32,44,37,69,55,44,34,13,7,72,55,10,5,60,48,75,57
Cytotechnologists,5,50,50,69,55,44,43,50,43,69,55,41,39,25,14,72,55,47,41,53,48,50,48
Document Management Specialists,4,56,46,69,54,50,43,66,45,69,55,31,32,38,27,72,55,6,Not relevant,53,46,69,55
Gambling Managers,3,66,52,75,57,56,52,72,59,69,55,50,45,16,9,63,57,16,11,75,57,66,54
Information Security Analysts,4,56,55,72,59,47,45,60,55,69,55,31,34,41,32,75,59,22,23,66,54,63,54
Network and Computer Systems Administrators,4,53,54,72,55,44,52,69,55,69,55,50,48,66,55,72,57,31,36,60,55,53,54
Park Naturalists,4,60,45,69,55,56,46,53,45,69,55,25,29,19,14,72,55,41,34,75,55,66,55
Radiation Therapists,3,50,43,63,54,47,43,56,48,69,55,44,41,19,16,69,55,44,43,56,50,53,46
Surveyors,4,56,48,72,57,53,50,50,50,69,55,75,57,22,21,72,57,47,41,72,55,66,54
Technical Writers,4,56,52,66,55,38,32,50,43,69,55,16,9,10,5,78,70,6,Not relevant,69,54,97,71
Transportation Engineers,4,60,57,72,59,53,45,53,50,69,55,72,66,28,36,75,63,38,43,75,57,69,55
Veterinary Technologists and Technicians,3,53,43,69,57,50,43,56,50,69,55,44,37,19,11,66,54,47,41,66,54,56,43
Web Administrators,4,53,54,75,59,50,43,60,50,69,55,28,30,53,41,72,59,28,34,56,50,56,48
"Wholesale and Retail Buyers, Except Farm Products",3,60,55,69,57,47,46,53,57,69,55,53,48,19,13,56,55,19,13,69,55,50,48
"Adult Basic Education, Adult Secondary Education, and English as a Second Language Instructors",4,63,46,63,50,69,55,66,55,69,54,41,36,10,9,69,55,19,9,69,57,66,55
Automotive Engineers,4,56,66,78,64,47,46,56,57,69,54,69,71,41,43,72,68,53,59,72,55,69,57
Biological Technicians,4,63,55,72,57,47,39,56,54,69,54,50,52,22,25,75,66,69,52,56,54,60,54
Embalmers,3,50,43,53,45,28,39,50,45,69,54,25,29,6,Not relevant,50,48,41,32,72,54,53,43
Film and Video Editors,4,56,46,63,50,41,39,50,43,69,54,22,25,13,9,60,54,0,Not relevant,56,46,53,45
Fitness and Wellness Coordinators,4,60,50,72,55,56,50,60,55,69,54,35,37,19,13,69,55,16,20,72,57,63,54
Forest and Conservation Technicians,3,50,43,69,48,50,43,53,52,69,54,44,39,25,23,60,54,44,32,56,50,50,45
Insurance Claims and Policy Processing Clerks,2,45,37,58,50,30,29,45,39,69,54,45,42,16,10,64,53,2,Not relevant,64,54,56,43
Nuclear Medicine Technologists,3,53,45,72,52,44,43,63,50,69,54,53,43,16,13,63,57,56,50,69,54,63,48
Retail Salespersons,2,50,41,53,45,41,32,50,45,69,54,41,29,6,Not relevant,50,45,0,Not relevant,69,45,50,43
Wind Energy Development Managers,4,60,57,75,61,44,41,63,55,69,54,50,50,19,18,72,61,19,16,72,54,72,55
Actors,2,41,37,50,43,44,36,50,43,69,52,0,Not relevant,0,Not relevant,72,55,13,7,72,57,47,48
Agricultural Inspectors,2,56,48,66,57,47,43,69,59,69,52,41,39,13,7,69,57,44,39,63,55,53,52
Chefs and Head Cooks,3,53,54,69,55,53,46,72,59,69,52,53,45,13,7,53,46,16,11,72,55,53,43
Commercial Divers,3,50,45,72,54,47,43,53,46,69,52,28,30,0,Not relevant,56,50,38,32,66,48,50,43
First-Line Supervisors of Construction Trades and Extraction Workers,3,50,45,66,48,53,43,60,48,69,52,44,43,6,Not relevant,60,52,16,11,69,54,50,45
Funeral Home Managers,3,44,43,53,52,47,43,66,52,69,52,35,37,13,11,66,54,6,Not relevant,69,55,60,52
Home Health Aides,2,50,43,60,46,50,43,56,45,69,52,31,29,0,Not relevant,56,46,16,13,53,43,53,41
"Opticians, Dispensing",3,50,41,60,52,47,41,50,43,69,52,47,39,10,5,66,54,19,14,75,54,56,45
Photographers,3,53,45,53,46,47,41,53,45,69,52,25,25,16,9,53,45,19,21,69,46,47,41
Radio Frequency Identification Device Specialists,4,53,50,72,55,41,46,53,54,69,52,41,48,38,Not available,66,57,25,27,69,52,56,52
Robotics Technicians,3,53,52,72,57,50,45,53,46,69,52,50,54,47,39,72,57,44,46,56,46,56,45
"Title Examiners, Abstractors, and Searchers",2,50,45,66,52,35,30,50,43,69,52,31,32,6,Not relevant,78,55,6,Not relevant,66,50,60,52
Food Service Managers,2,60,54,66,54,50,46,69,55,69,50,47,41,13,9,66,52,16,16,69,52,50,45
"Office Clerks, General",2,44,39,50,43,28,32,47,41,69,50,28,30,6,Not relevant,69,50,0,Not relevant,66,43,53,45
Power Distributors and Dispatchers,3,50,43,69,54,44,37,69,46,69,50,44,39,19,13,66,52,22,21,66,46,53,45
Sound Engineering Technicians,3,53,45,56,52,44,41,53,50,69,50,28,29,19,14,60,50,10,5,66,45,56,45
Spa Managers,3,63,55,72,57,60,52,75,59,69,50,44,41,13,11,60,54,3,Not relevant,75,57,53,52
Animal Control Workers,2,50,41,63,50,38,37,50,41,69,48,22,18,10,5,53,43,6,Not relevant,69,43,50,41
"Buyers and Purchasing Agents, Farm Products",4,53,45,72,54,38,43,53,45,69,48,50,43,13,11,60,50,16,20,72,55,53,45
Payroll and Timekeeping Clerks,2,44,41,53,45,35,36,50,41,69,48,50,43,16,9,69,54,6,Not relevant,56,45,53,45
Athletes and Sports Competitors,2,50,43,69,45,47,43,56,43,69,46,28,21,0,Not relevant,53,43,19,14,72,43,44,41
"Camera Operators, Television, Video, and Film",3,47,43,53,50,44,41,53,45,69,46,25,27,10,7,56,46,0,Not relevant,56,45,47,41
Locomotive Engineers,2,53,43,66,45,47,43,66,54,69,46,38,37,0,Not relevant,60,50,10,5,66,43,50,41
Passenger Attendants,2,41,36,47,46,16,21,56,46,69,46,28,20,10,5,50,41,0,Not relevant,69,41,38,34
Bartenders,2,50,43,53,41,47,41,50,43,69,45,31,30,6,Not relevant,50,43,0,Not relevant,53,43,44,43
Counter and Rental Clerks,2,44,32,53,41,28,29,50,41,69,45,31,32,10,7,56,45,0,Not relevant,60,43,50,43
First-Line Supervisors of Food Preparation and Serving Workers,2,50,46,56,57,53,45,72,54,69,45,50,43,10,5,60,50,0,Not relevant,72,54,47,45
Driver/Sales Workers,2,44,30,53,48,25,27,47,37,69,43,41,27,0,Not relevant,50,43,0,Not relevant,66,41,44,43
Pest Control Workers,2,53,41,69,48,44,39,66,43,69,43,41,37,0,Not relevant,50,43,25,25,66,43,66,43
Waiters and Waitresses,2,47,30,47,39,35,30,50,39,69,41,28,25,3,Not relevant,44,34,0,Not relevant,66,36,25,30
"Court, Municipal, and License Clerks",2,48,43,53,49,29,27,52,43,68,52,34,29,7,Not relevant,65,53,12,Not relevant,66,52,63,50
Architectural and Civil Drafters,3,50,45,64,53,41,42,50,47,67,48,50,54,27,21,63,54,27,29,56,47,53,47
Cytogenetic Technologists,4,56,48,72,57,47,43,53,48,66,57,50,43,10,7,72,64,56,54,66,57,69,57
"Electronics Engineers, Except Computer",4,60,54,75,57,47,45,63,52,66,57,56,52,41,41,75,59,56,45,69,57,69,57
Fuel Cell Engineers,5,60,54,69,59,56,45,63,54,66,57,56,55,31,Not available,72,66,66,55,63,54,66,57
"Teaching Assistants, Postsecondary",5,50,45,53,48,60,50,53,46,66,57,31,29,19,14,72,61,25,23,63,50,56,48
Aerospace Engineering and Operations Technologists and Technicians,3,50,43,72,57,47,41,53,45,66,55,50,43,28,23,69,54,53,54,66,45,53,45
Foresters,4,50,52,72,61,47,43,75,63,66,55,50,52,10,5,75,57,47,48,75,54,63,59
Nanosystems Engineers,5,69,71,75,64,50,52,56,59,66,55,69,73,35,39,72,75,72,68,75,61,72,70
Software Quality Assurance Analysts and Testers,4,56,43,75,55,44,41,63,54,66,55,31,32,69,50,72,57,50,46,69,50,66,55
Telecommunications Engineering Specialists,3,60,54,66,54,47,41,53,45,66,55,50,43,35,29,66,55,22,20,56,52,56,54
Electrical and Electronics Drafters,3,49,45,58,50,36,38,47,41,66,54,44,43,19,14,66,54,22,22,67,46,55,48
"First-Line Supervisors of Mechanics, Installers, and Repairers",3,56,54,69,55,53,54,75,57,66,54,47,45,22,16,66,57,19,20,69,55,50,50
Mechatronics Engineers,4,60,55,63,59,47,48,56,54,66,54,60,55,31,Not available,63,57,47,Not available,63,54,63,54
Ophthalmic Medical Technicians,3,50,45,50,45,41,37,50,43,66,54,38,36,13,7,53,52,25,27,56,52,53,43
Solar Energy Installation Managers,3,56,46,66,54,50,43,69,52,66,54,41,46,19,14,63,54,16,13,63,52,60,48
Music Directors and Composers,4,53,44,66,51,47,42,59,49,66,53,24,21,14,9,59,49,11,8,64,52,59,50
Broadcast Technicians,3,53,45,69,48,47,43,63,52,66,52,44,41,28,27,53,52,22,14,53,46,56,45
Geothermal Production Managers,3,63,46,75,55,56,48,72,63,66,52,56,54,22,18,72,61,35,Not available,72,57,66,54
Mechanical Engineering Technologists and Technicians,3,56,46,66,54,47,45,60,48,66,52,53,48,25,18,72,59,47,43,63,50,63,50
Solar Energy Systems Engineers,4,60,52,66,55,47,43,53,52,66,52,53,55,28,23,72,57,53,54,63,54,66,54
Traffic Technicians,3,50,45,56,50,41,41,53,45,66,52,47,45,25,18,56,57,44,41,56,48,53,46
Food Science Technicians,3,50,46,56,52,47,41,50,45,66,48,47,45,13,7,66,57,56,46,63,46,63,46
Graphic Designers,4,53,45,60,52,41,39,50,45,66,48,25,30,16,11,56,54,6,Not relevant,60,50,50,45
Psychiatric Aides,2,53,43,53,46,50,45,69,52,66,48,25,25,0,Not relevant,50,45,16,11,69,43,50,43
Receptionists and Information Clerks,2,50,34,56,45,35,34,44,36,66,48,28,30,10,5,56,46,0,Not relevant,66,43,56,45
Forest Fire Inspectors and Prevention Specialists,3,50,46,75,55,53,45,60,48,66,46,28,34,16,9,53,48,22,25,69,48,53,43
Massage Therapists,3,50,43,50,46,44,41,50,43,66,46,25,21,0,Not relevant,50,45,19,14,66,52,50,41
Baggage Porters and Bellhops,2,31,30,50,39,31,29,47,32,66,45,25,27,6,Not relevant,47,37,0,Not relevant,66,37,44,30
Elevator and Escalator Installers and Repairers,3,53,43,66,43,31,32,56,45,66,45,22,23,16,11,53,46,38,37,53,41,41,39
Physical Therapist Aides,2,47,39,50,41,35,39,53,46,66,45,25,27,6,Not relevant,50,43,25,25,53,43,47,39
Recycling Coordinators,2,53,45,66,50,50,43,63,50,66,45,38,39,10,7,63,50,6,Not relevant,72,48,53,45
Aircraft Cargo Handling Supervisors,2,50,41,69,50,63,52,66,55,66,43,50,41,16,9,56,43,13,7,66,45,53,46
Bicycle Repairers,2,47,36,66,45,44,34,47,41,66,43,28,29,3,Not relevant,50,43,6,Not relevant,60,43,47,36
"Computer, Automated Teller, and Office Machine Repairers",3,50,43,63,45,41,37,50,43,66,43,22,25,28,18,53,45,22,23,56,43,50,43
Nursing Assistants,3,47,39,53,45,35,30,56,43,66,43,28,27,0,Not relevant,53,43,19,13,53,43,44,39
Subway and Streetcar Operators,2,50,43,50,46,41,37,56,45,66,43,35,29,0,Not relevant,53,45,0,Not relevant,60,39,44,36
"Hosts and Hostesses, Restaurant, Lounge, and Coffee Shop",2,41,34,47,37,31,30,44,29,66,41,28,27,6,Not relevant,47,34,0,Not relevant,60,41,35,30
"Farmers, Ranchers, and Other Agricultural Managers",4,57,49,72,55,51,45,70,53,65,52,43,40,16,10,62,54,47,41,72,54,54,51
Nanotechnology Engineering Technologists and Technicians,4,52,47,66,52,44,46,64,51,64,52,53,53,31,27,67,55,56,54,60,53,58,53
Credit Analysts,4,66,52,72,57,35,36,50,43,63,57,60,59,16,14,66,57,10,5,66,57,53,55
Database Administrators,4,63,55,72,59,50,48,60,59,63,55,53,50,60,55,63,63,25,21,60,55,60,55
Geographic Information Systems Technologists and Technicians,4,61,53,69,56,49,44,50,47,63,55,56,55,45,43,70,62,56,Not available,64,53,63,54
"Insurance Appraisers, Auto Damage",3,47,43,60,54,28,21,38,41,63,55,41,39,6,Not relevant,63,52,3,Not relevant,69,54,69,46
Desktop Publishers,3,50,43,69,55,47,43,50,50,63,54,25,30,41,37,69,57,0,Not relevant,63,52,53,52
Biofuels/Biodiesel Technology and Product Development Managers,4,56,54,66,59,47,46,56,55,63,52,53,45,25,20,66,61,53,Not available,66,50,66,55
Bioinformatics Technicians,4,63,55,63,54,44,41,56,50,63,52,60,55,53,43,69,61,53,48,60,52,63,54
Computer Network Support Specialists,4,56,48,69,54,41,46,56,52,63,52,28,37,31,Not available,60,55,22,21,56,50,50,50
Data Warehousing Specialists,4,50,46,72,55,41,39,47,45,63,52,50,46,69,54,72,57,22,Not available,60,52,56,48
Database Architects,4,53,52,72,61,47,45,56,52,63,52,50,48,56,59,66,63,25,Not available,63,54,60,57
Occupational Therapy Aides,3,50,43,56,48,50,43,56,45,63,52,25,25,3,Not relevant,53,48,16,11,66,50,53,43
Online Merchants,4,47,45,63,55,35,36,53,52,63,52,50,45,35,25,66,54,6,Not relevant,63,48,60,46
Tellers,2,47,43,53,46,31,36,53,45,63,52,50,39,6,Not relevant,53,46,0,Not relevant,56,43,50,43
Ship Engineers,3,50,45,72,54,41,37,66,52,63,50,28,34,19,11,56,48,38,36,63,45,53,41
Web Developers,3,63,52,69,55,47,45,50,48,63,50,44,41,78,61,66,57,25,32,56,46,53,50
Billing and Posting Clerks,2,45,38,53,45,28,29,49,37,63,48,42,37,25,17,58,46,0,Not relevant,59,44,44,42
Non-Destructive Testing Specialists,2,66,50,66,50,53,48,63,50,63,48,50,45,19,16,66,54,44,39,56,45,56,45
"Telecommunications Equipment Installers and Repairers, Except Line Installers",3,53,43,66,54,47,41,60,46,63,48,31,32,25,23,60,52,25,29,56,45,50,45
Retail Loss Prevention Specialists,2,56,43,69,52,47,39,63,50,63,46,41,39,16,14,56,52,6,Not relevant,63,50,53,46
Veterinary Assistants and Laboratory Animal Caretakers,2,47,43,56,45,28,30,53,45,63,46,44,37,6,Not relevant,53,45,41,34,50,43,53,46
Gambling and Sports Book Writers and Runners,2,41,36,47,41,31,30,53,45,63,45,50,39,10,5,44,45,6,Not relevant,53,41,47,39
Merchandise Displayers and Window Trimmers,3,47,43,56,48,35,29,44,41,63,45,25,20,13,7,50,45,6,Not relevant,56,46,47,41
Railroad Conductors and Yardmasters,2,50,43,66,52,44,39,69,57,63,45,31,37,13,7,53,46,13,7,69,45,50,41
Skincare Specialists,3,53,41,50,43,47,39,50,43,63,45,13,9,0,Not relevant,53,45,10,9,66,43,35,39
Cargo and Freight Agents,2,44,39,56,52,25,27,50,45,63,43,31,36,10,5,56,45,0,Not relevant,66,43,50,43
Pharmacy Aides,2,47,36,50,41,38,32,44,37,63,43,38,34,13,7,56,46,13,7,60,41,44,36
Segmental Pavers,2,41,36,56,43,35,34,47,41,63,43,25,29,0,Not relevant,44,39,3,Not relevant,63,39,41,37
"Locker Room, Coatroom, and Dressing Room Attendants",2,28,29,38,39,10,5,44,34,63,41,10,5,0,Not relevant,41,34,0,Not relevant,66,39,31,30
Personal Care Aides,2,44,39,50,43,44,37,53,45,63,41,22,23,0,Not relevant,47,39,19,11,56,41,47,39
Security Guards,2,50,36,53,41,38,32,56,45,63,41,19,11,0,Not relevant,53,43,13,7,56,39,50,41
Baristas,1,41,37,47,39,35,29,50,36,63,37,28,29,0,Not relevant,50,39,0,Not relevant,60,37,41,34
"Heating, Air Conditioning, and Refrigeration Mechanics and Installers",3,52,44,63,50,47,39,53,46,61,45,42,39,13,9,55,46,25,21,53,44,49,43
Fast Food and Counter Workers,1,39,29,45,35,33,32,49,32,61,37,39,28,2,Not relevant,44,33,0,Not relevant,52,38,33,31
Mathematicians,5,75,75,81,73,60,54,50,43,60,59,100,86,38,37,75,71,66,66,60,61,63,64
Chemical Engineers,4,69,64,75,70,47,52,56,55,60,57,72,66,35,41,72,63,81,73,66,55,56,55
Surgical Technologists,3,50,43,53,45,50,45,69,50,60,55,41,39,3,Not relevant,50,54,31,30,53,43,47,43
Chemical Plant and System Operators,2,56,43,63,54,47,41,66,54,60,54,41,41,19,14,56,54,47,41,53,45,50,43
Quality Control Analysts,3,53,45,56,52,44,41,69,55,60,54,50,46,19,11,69,55,44,41,53,52,56,48
Remote Sensing Technicians,4,50,50,69,55,44,43,60,52,60,54,63,55,44,46,63,59,41,39,63,52,56,54
Wind Energy Engineers,4,50,54,75,64,44,41,53,57,60,54,63,64,28,Not available,69,66,56,54,60,50,60,54
Statistical Assistants,4,66,54,69,55,47,43,50,43,60,52,85,70,50,50,69,57,28,36,60,54,63,54
Electrical and Electronic Engineering Technologists and Technicians,3,53,48,67,54,42,41,55,50,60,51,55,50,30,Not available,64,58,43,42,56,48,53,47
Cartographers and Photogrammetrists,4,56,48,63,54,47,43,53,45,60,50,47,45,22,16,75,59,22,21,53,45,63,52
Phlebotomists,3,50,43,56,46,47,43,53,43,60,50,28,30,16,9,53,46,35,30,60,54,53,43
Photonics Technicians,3,56,46,56,52,38,43,56,48,60,50,38,37,31,23,66,52,35,Not available,53,45,53,46
Endoscopy Technicians,3,53,43,63,46,38,34,53,45,60,48,25,30,10,5,66,57,19,13,60,45,56,43
Fabric and Apparel Patternmakers,3,53,43,69,48,50,43,53,46,60,48,53,43,25,18,53,46,3,Not relevant,53,43,50,41
Photographic Process Workers and Processing Machine Operators,2,47,41,53,45,38,41,53,46,60,48,25,32,35,23,56,46,16,14,56,43,44,41
Avionics Technicians,3,50,45,69,54,41,37,53,46,60,46,28,30,16,13,56,50,47,41,60,43,56,45
Electrical Power-Line Installers and Repairers,2,50,43,53,43,44,39,56,43,60,46,25,27,6,Not relevant,50,43,19,14,47,41,38,39
Gambling Cage Workers,2,31,32,50,46,28,30,50,43,60,46,63,41,6,Not relevant,50,43,0,Not relevant,69,45,50,43
"Hotel, Motel, and Resort Desk Clerks",2,44,32,47,50,41,37,50,43,60,46,41,30,19,13,50,50,0,Not relevant,69,43,47,41
Recreational Vehicle Service Technicians,2,50,45,60,50,35,34,50,43,60,46,25,25,13,7,50,41,16,13,60,45,47,39
Self-Enrichment Teachers,3,53,45,53,45,60,50,53,45,60,46,25,23,19,11,53,54,10,5,66,52,50,45
Transportation Inspectors,4,41,41,60,46,35,36,60,46,60,46,41,34,10,5,66,52,25,29,66,48,60,48
"Ambulance Drivers and Attendants, Except Emergency Medical Technicians",2,53,43,63,43,35,30,50,41,60,45,25,23,3,Not relevant,53,45,16,9,53,43,47,41
Audiovisual Equipment Installers and Repairers,3,60,45,60,52,53,41,47,41,60,45,35,34,28,21,63,50,31,25,53,43,44,36
Chemical Equipment Operators and Tenders,2,50,41,60,45,44,36,69,45,60,45,47,41,16,9,60,48,41,30,53,43,50,43
"Door-to-Door Sales Workers, News and Street Vendors, and Related Workers",1,41,37,47,45,31,29,44,41,60,45,22,16,16,9,50,39,0,Not relevant,75,48,47,39
Farm Labor Contractors,2,35,34,50,46,31,30,44,37,60,45,28,30,10,7,44,41,6,Not relevant,63,48,44,39
Home Appliance Repairers,2,47,32,69,46,28,30,47,41,60,45,28,29,16,9,53,41,19,18,63,43,44,39
Postal Service Clerks,2,41,29,50,46,28,29,50,36,60,45,44,36,16,9,53,45,0,Not relevant,56,43,47,43
Power Plant Operators,2,47,43,72,52,41,34,56,48,60,45,28,27,19,11,53,46,25,27,63,43,50,41
Water and Wastewater Treatment Plant and System Operators,3,47,45,56,46,41,39,66,54,60,45,50,43,16,9,53,46,41,30,56,43,47,41
Barbers,3,38,36,47,39,22,23,47,39,60,43,22,16,0,Not relevant,44,30,6,Not relevant,53,39,25,29
Data Entry Keyers,2,44,30,47,41,28,30,56,32,60,43,25,29,19,14,66,48,0,Not relevant,47,43,50,43
"Electrical and Electronics Installers and Repairers, Transportation Equipment",3,31,34,66,43,28,32,53,43,60,43,28,32,16,11,53,45,28,32,50,43,50,43
Electricians,3,53,46,60,52,50,50,53,50,60,43,50,46,0,Not relevant,50,46,31,30,53,45,47,43
"Electronic Equipment Installers and Repairers, Motor Vehicles",3,44,34,63,45,38,32,47,41,60,43,31,32,22,16,53,45,22,21,50,43,47,41
Gambling Dealers,2,31,34,44,41,25,29,50,43,60,43,44,29,0,Not relevant,50,37,0,Not relevant,60,41,31,32
"Model Makers, Wood",3,50,37,56,45,31,27,60,41,60,43,35,Not available,10,9,60,45,16,14,53,41,44,39
"Rail Yard Engineers, Dinkey Operators, and Hostlers",2,50,39,56,43,44,36,66,45,60,43,35,29,6,Not relevant,53,45,13,7,63,45,47,36
"Service Unit Operators, Oil and Gas",2,50,43,69,46,47,34,66,48,60,43,44,34,19,13,50,43,10,5,50,43,50,43
Manufactured Building and Mobile Home Installers,2,60,43,69,46,60,45,63,48,60,41,41,41,0,Not relevant,53,45,16,13,60,41,41,41
"Radio, Cellular, and Tower Equipment Installers and Repairers",3,47,39,56,45,41,34,53,45,60,41,41,43,25,18,53,48,10,13,53,43,47,39
"Rotary Drill Operators, Oil and Gas",2,47,43,66,46,50,45,63,46,60,41,35,27,0,Not relevant,53,43,6,Not relevant,56,41,50,43
Motorboat Operators,2,50,39,56,48,38,39,56,48,60,39,35,29,0,Not relevant,41,39,19,20,63,41,38,37
Hoist and Winch Operators,2,47,30,69,37,38,36,66,37,60,34,41,27,0,Not relevant,44,34,6,Not relevant,53,32,31,32
Musicians and Singers,3,45,41,52,44,36,36,49,45,59,44,14,Not relevant,0,Not relevant,49,43,0,Not relevant,53,44,42,38
"Geological Technicians, Except Hydrologic Technicians",4,45,41,66,48,38,35,55,47,58,47,41,40,19,15,66,57,53,52,56,47,56,48
"Railroad Brake, Signal, and Switch Operators and Locomotive Firers",2,38,35,55,39,38,36,61,44,58,38,31,25,0,Not relevant,50,40,5,Not relevant,50,35,42,37
"Bookkeeping, Accounting, and Auditing Clerks",3,44,45,56,46,25,27,50,41,56,54,60,48,10,5,56,54,3,Not relevant,53,45,53,45
Mechanical Drafters,3,56,52,56,46,47,41,50,45,56,50,56,55,31,32,56,55,22,25,53,54,50,45
Transportation Security Screeners,2,47,43,56,50,38,39,60,45,56,50,22,23,13,13,50,43,19,14,60,43,47,37
Agricultural Technicians,3,50,43,56,57,44,43,53,46,56,48,53,43,16,11,63,55,50,43,50,45,56,52
Aircraft Mechanics and Service Technicians,3,50,45,72,57,41,41,60,45,56,48,31,32,13,7,69,57,38,37,60,46,47,43
Automotive Engineering Technicians,3,50,45,63,48,35,37,53,48,56,48,53,48,28,27,66,57,41,43,63,48,56,46
Biofuels Processing Technicians,2,47,39,53,45,38,39,60,46,56,48,47,41,16,14,63,54,47,36,56,50,53,43
Freight Forwarders,2,53,45,56,48,41,43,63,46,56,48,50,43,13,11,63,46,0,Not relevant,60,48,60,46
Exercise Trainers and Group Fitness Instructors,3,50,41,50,45,56,52,56,52,56,46,19,11,6,Not relevant,47,45,16,9,63,46,44,39
Gambling Surveillance Officers and Gambling Investigators,2,53,45,69,54,38,41,78,55,56,46,28,25,10,5,56,50,6,Not relevant,66,52,53,45
Gas Plant Operators,3,44,45,63,48,38,36,69,50,56,46,38,39,16,13,53,48,31,29,56,46,56,43
"Makeup Artists, Theatrical and Performance",3,50,46,53,46,38,36,50,45,56,46,25,30,6,Not relevant,56,46,16,9,63,45,44,39
Solar Thermal Installers and Technicians,3,50,45,56,50,38,41,56,46,56,46,38,39,16,11,60,46,13,Not available,56,45,47,45
Bailiffs,3,44,30,50,45,28,29,60,46,56,45,13,11,3,Not relevant,47,41,0,Not relevant,60,43,31,32
Dietetic Technicians,3,53,45,53,45,53,45,53,55,56,45,47,43,13,7,53,46,25,25,60,46,53,45
Hydroelectric Plant Technicians,3,53,45,66,46,47,37,63,54,56,45,50,48,22,21,56,52,35,32,60,43,50,41
Library Technicians,3,47,41,50,46,50,41,47,41,56,45,25,30,16,11,60,55,6,Not relevant,56,43,47,43
Security and Fire Alarm Systems Installers,3,47,43,60,50,35,34,50,45,56,45,28,30,19,13,53,46,19,18,60,43,47,41
Tour Guides and Escorts,3,31,34,47,45,31,37,50,43,56,45,25,16,0,Not relevant,50,43,0,Not relevant,72,46,31,32
Word Processors and Typists,2,31,29,44,36,22,21,50,34,56,45,41,36,19,13,63,50,0,Not relevant,50,41,56,46
Automotive Service Technicians and Mechanics,3,50,43,64,46,31,35,49,43,56,44,27,27,17,12,50,40,20,24,50,41,45,37
Dancers,3,44,41,50,37,38,39,47,43,56,43,10,5,0,Not relevant,44,41,0,Not relevant,47,43,38,36
"Derrick Operators, Oil and Gas",1,44,37,63,45,44,41,60,50,56,43,35,36,0,Not relevant,47,41,6,Not relevant,60,43,44,37
Hazardous Materials Removal Workers,3,50,43,63,52,38,32,66,45,56,43,25,30,6,Not relevant,53,43,25,25,53,41,50,41
"Library Assistants, Clerical",2,31,30,50,41,38,30,47,39,56,43,28,30,13,7,56,46,0,Not relevant,50,43,50,43
Medical Equipment Preparers,2,50,43,63,41,44,37,60,43,56,43,31,32,16,11,53,41,22,14,53,39,47,39
Millwrights,2,47,45,66,45,50,41,53,45,56,43,41,39,16,9,50,43,13,9,50,43,44,41
"Molding, Coremaking, and Casting Machine Setters, Operators, and Tenders, Metal and Plastic",2,47,32,50,37,31,32,53,43,56,43,31,30,10,7,53,43,3,Not relevant,50,34,41,36
"Pesticide Handlers, Sprayers, and Applicators, Vegetation",2,47,34,53,41,31,29,47,39,56,43,31,29,0,Not relevant,50,41,25,20,53,43,38,32
Stationary Engineers and Boiler Operators,3,50,37,60,45,31,30,56,45,56,43,25,21,6,Not relevant,53,43,38,30,50,43,50,39
"Umpires, Referees, and Other Sports Officials",2,50,43,60,50,50,41,53,45,56,43,38,30,0,Not relevant,50,45,10,11,66,45,44,36
"Cooks, Short Order",2,47,37,50,39,28,32,47,41,56,41,25,29,3,Not relevant,50,39,0,Not relevant,50,41,31,37
Couriers and Messengers,2,41,32,50,37,28,27,44,30,56,41,38,30,0,Not relevant,50,41,3,Not relevant,56,37,50,39
Log Graders and Scalers,2,50,39,56,43,35,30,50,43,56,41,44,39,13,7,47,41,19,11,53,41,50,43
Semiconductor Processing Technicians,2,38,32,60,41,31,29,56,43,56,41,22,25,16,11,60,48,22,18,47,41,44,37
Parking Attendants,2,31,25,47,39,28,29,44,34,56,39,44,32,0,Not relevant,38,27,0,Not relevant,63,34,44,29
Solar Photovoltaic Installers,2,50,43,56,50,38,34,53,45,56,39,38,45,6,Not relevant,50,39,19,21,50,41,35,37
"Plumbers, Pipefitters, and Steamfitters",3,50,43,59,48,42,39,50,42,55,45,36,38,2,Not relevant,52,44,14,Not relevant,53,40,38,39
Surveying and Mapping Technicians,3,53,42,63,45,45,42,50,43,55,43,61,51,24,23,63,53,27,29,55,44,53,49
Carpenters,2,49,39,52,45,36,35,53,42,55,40,41,42,0,Not relevant,52,41,10,Not relevant,53,39,35,37
"Electrical and Electronics Repairers, Commercial and Industrial Equipment",3,50,43,69,54,47,43,53,45,53,52,44,41,28,30,53,57,44,39,53,45,50,43
Electro-Mechanical and Mechatronics Technologists and Technicians,3,47,43,69,54,47,43,72,57,53,48,47,41,31,29,56,55,44,41,56,45,56,48
Audio and Video Technicians,3,50,43,63,54,44,43,69,48,53,46,25,29,25,18,63,52,0,Not relevant,53,45,53,45
Computer Numerically Controlled Tool Operators,3,50,45,66,57,44,43,69,55,53,46,47,41,44,37,56,52,25,21,50,43,44,41
"Fine Artists, Including Painters, Sculptors, and Illustrators",3,56,48,56,46,35,34,44,41,53,46,28,20,16,9,50,45,0,Not relevant,50,41,47,39
"Aircraft Structure, Surfaces, Rigging, and Systems Assemblers",2,47,43,53,45,41,41,53,45,53,45,38,39,13,14,50,45,19,21,50,43,44,43
Camera and Photographic Equipment Repairers,3,50,45,63,48,41,32,47,41,53,45,35,36,19,18,53,50,28,27,50,43,41,43
Costume Attendants,2,38,32,47,41,22,23,53,43,53,45,13,14,0,Not relevant,47,45,0,Not relevant,53,43,38,34
"Electrical and Electronics Repairers, Powerhouse, Substation, and Relay",3,47,43,69,48,31,32,50,43,53,45,31,34,22,16,60,50,41,34,53,41,47,43
First-Line Supervisors of Housekeeping and Janitorial Workers,2,47,41,53,46,53,43,56,55,53,45,28,30,0,Not relevant,50,46,0,Not relevant,56,48,47,43
"Furnace, Kiln, Oven, Drier, and Kettle Operators and Tenders",2,35,34,53,43,28,21,53,45,53,45,31,29,6,Not relevant,53,43,22,16,53,43,41,37
"Inspectors, Testers, Sorters, Samplers, and Weighers",2,35,34,56,46,25,30,50,45,53,45,41,36,13,9,53,43,16,14,53,43,56,45
"Lifeguards, Ski Patrol, and Other Recreational Protective Service Workers",2,44,39,50,43,53,43,69,50,53,45,10,9,0,Not relevant,47,41,13,9,63,43,38,37
Proofreaders and Copy Markers,4,38,34,50,43,25,20,47,39,53,45,22,14,6,Not relevant,81,61,3,Not relevant,56,45,66,57
Wind Turbine Service Technicians,3,53,45,63,45,50,43,56,45,53,45,28,39,16,9,56,46,25,29,53,43,47,39
Animal Trainers,2,56,45,60,48,63,55,53,50,53,43,22,23,3,Not relevant,47,45,19,20,63,43,47,39
Butchers and Meat Cutters,2,38,30,50,43,31,29,50,41,53,43,35,29,3,Not relevant,50,43,6,Not relevant,50,43,31,39
Childcare Workers,2,50,43,53,43,50,45,63,45,53,43,28,27,0,Not relevant,50,43,3,Not relevant,53,43,50,41
Computer Numerically Controlled Tool Programmers,3,56,52,56,50,47,39,63,52,53,43,56,50,78,59,56,50,22,25,50,43,56,43
Construction Laborers,2,28,30,44,37,28,29,41,36,53,43,25,20,0,Not relevant,44,37,13,7,56,41,31,29
Conveyor Operators and Tenders,1,44,37,50,41,28,29,60,45,53,43,25,27,6,Not relevant,47,41,19,21,50,41,44,39
Crane and Tower Operators,3,47,34,56,43,31,32,53,43,53,43,41,30,0,Not relevant,50,43,3,Not relevant,50,41,41,34
"Electric Motor, Power Tool, and Related Repairers",3,47,45,69,48,44,39,47,45,53,43,41,39,19,13,50,43,28,30,50,43,47,39
"Farmworkers, Farm, Ranch, and Aquacultural Animals",2,47,34,60,43,28,30,56,46,53,43,28,25,0,Not relevant,50,39,22,20,50,41,41,39
File Clerks,2,44,32,50,43,28,30,50,32,53,43,25,30,13,9,69,43,0,Not relevant,50,43,50,43
"Floor Layers, Except Carpet, Wood, and Hard Tiles",2,44,36,47,41,28,27,47,45,53,43,28,30,0,Not relevant,35,34,6,Not relevant,53,37,35,32
"Forging Machine Setters, Operators, and Tenders, Metal and Plastic",2,35,30,47,41,35,32,53,45,53,43,28,30,6,Not relevant,53,41,10,9,47,41,44,39
Funeral Attendants,2,25,21,44,39,22,20,53,41,53,43,19,18,3,Not relevant,41,37,10,7,60,43,35,34
Furniture Finishers,2,44,39,53,45,38,32,53,41,53,43,25,25,3,Not relevant,44,39,3,Not relevant,50,34,35,32
Gas Compressor and Gas Pumping Station Operators,2,47,34,66,43,31,34,53,43,53,43,31,30,10,7,53,45,22,18,50,43,50,41
Gem and Diamond Workers,3,38,37,50,45,31,30,50,43,53,43,44,41,0,Not relevant,47,41,10,9,53,43,41,41
Industrial Machinery Mechanics,3,53,45,66,50,41,41,53,45,53,43,35,36,19,21,47,43,19,21,50,43,44,39
"Insulation Workers, Mechanical",2,41,39,56,41,31,32,50,43,53,43,25,25,0,Not relevant,47,43,13,9,50,39,35,36
Locksmiths and Safe Repairers,2,47,41,53,45,31,32,44,39,53,43,38,30,16,11,50,43,0,Not relevant,53,43,41,34
Mechanical Door Repairers,2,50,32,63,43,41,30,50,43,53,43,38,36,0,Not relevant,53,41,0,Not relevant,53,43,44,41
"Milling and Planing Machine Setters, Operators, and Tenders, Metal and Plastic",2,41,36,50,41,31,27,56,43,53,43,47,39,19,11,50,39,16,9,50,37,38,32
Motorboat Mechanics and Service Technicians,3,35,32,60,45,25,29,47,43,53,43,31,29,16,9,44,39,25,25,50,37,38,36
Motorcycle Mechanics,3,53,45,53,45,41,32,53,43,53,43,31,30,6,Not relevant,50,43,22,18,53,43,44,41
Musical Instrument Repairers and Tuners,3,50,43,63,46,47,36,50,43,53,43,25,29,6,Not relevant,50,43,22,18,53,43,38,39
Parking Enforcement Workers,2,47,34,53,43,31,34,56,43,53,43,28,25,13,11,50,41,0,Not relevant,56,43,47,34
Pipelayers,2,35,30,50,43,28,29,47,39,53,43,28,30,0,Not relevant,47,41,10,7,47,43,25,30
"Plating Machine Setters, Operators, and Tenders, Metal and Plastic",2,28,30,50,39,31,30,53,43,53,43,25,20,0,Not relevant,53,41,25,27,50,39,44,37
Prepress Technicians and Workers,3,47,43,53,43,35,32,53,43,53,43,25,29,19,13,50,43,16,13,53,45,47,41
Printing Press Operators,2,47,41,53,45,28,30,56,46,53,43,28,29,13,9,53,45,0,Not relevant,53,43,35,37
"Pump Operators, Except Wellhead Pumpers",2,47,41,53,45,28,32,63,48,53,43,35,37,19,11,53,43,25,20,53,41,47,39
Riggers,2,41,32,53,43,16,16,53,45,53,43,16,14,0,Not relevant,53,34,10,7,50,39,35,34
Sailors and Marine Oilers,2,47,41,53,43,38,37,56,45,53,43,38,30,0,Not relevant,47,45,22,14,50,43,44,41
"Shipping, Receiving, and Inventory Clerks",2,35,30,50,43,28,32,50,43,53,43,31,32,16,9,53,45,0,Not relevant,56,43,41,39
Structural Iron and Steel Workers,2,50,43,53,45,47,43,50,43,53,43,28,30,0,Not relevant,44,43,3,Not relevant,50,34,31,34
Team Assemblers,2,31,30,50,41,35,30,53,43,53,43,25,21,16,9,50,41,0,Not relevant,50,43,44,41
Textile Bleaching and Dyeing Machine Operators and Tenders,2,31,29,50,37,25,25,50,39,53,43,38,36,0,Not relevant,44,37,19,14,50,37,38,37
Weatherization Installers and Technicians,2,47,41,56,46,44,34,60,46,53,43,44,39,16,13,50,43,25,13,53,43,47,43
Cashiers,2,35,32,47,37,28,30,47,36,53,41,50,32,3,Not relevant,47,37,0,Not relevant,53,41,31,34
"Control and Valve Installers and Repairers, Except Mechanical Door",3,47,43,60,45,38,34,53,43,53,41,28,21,16,11,50,45,19,16,53,43,50,41
Farm Equipment Mechanics and Service Technicians,3,50,43,63,52,41,37,50,41,53,41,44,36,19,11,53,41,22,23,53,43,44,36
"Food and Tobacco Roasting, Baking, and Drying Machine Operators and Tenders",2,38,37,53,43,38,36,63,43,53,41,13,11,6,Not relevant,53,41,19,13,50,41,47,41
Forest and Conservation Workers,3,50,37,53,45,47,37,53,45,53,41,38,30,16,9,47,45,25,21,56,43,47,36
"Heat Treating Equipment Setters, Operators, and Tenders, Metal and Plastic",2,44,37,50,43,41,39,53,48,53,41,47,41,19,13,47,43,25,16,53,37,47,37
Helpers--Electricians,2,38,34,50,39,28,27,44,32,53,41,25,20,0,Not relevant,35,39,16,11,50,34,25,29
Light Truck Drivers,2,28,30,47,41,22,25,50,36,53,41,38,30,0,Not relevant,50,39,3,Not relevant,53,39,47,36
Recycling and Reclamation Workers,2,38,32,44,39,25,29,53,39,53,41,22,21,0,Not relevant,41,41,3,Not relevant,44,34,35,36
"Roof Bolters, Mining",2,47,41,60,43,31,36,56,45,53,41,28,25,0,Not relevant,35,32,13,11,50,32,28,32
"Transportation Vehicle, Equipment and Systems Inspectors, Except Aviation",2,44,29,50,41,25,27,47,41,53,41,25,25,0,Not relevant,50,45,35,34,50,41,41,39
Adhesive Bonding Machine Operators and Tenders,2,41,34,47,39,31,30,53,45,53,39,38,34,16,9,50,36,13,7,53,37,44,32
Automotive and Watercraft Service Attendants,2,38,29,50,41,31,29,44,34,53,39,35,27,3,Not relevant,44,36,10,5,53,36,41,34
"Bus Drivers, Transit and Intercity",2,41,29,53,39,28,25,50,36,53,39,25,25,0,Not relevant,44,34,0,Not relevant,50,32,38,30
Craft Artists,3,47,37,50,45,31,32,50,39,53,39,28,29,13,7,53,39,10,5,53,41,47,37
"Helpers--Installation, Maintenance, and Repair Workers",2,41,36,53,39,38,30,53,37,53,39,25,23,10,5,41,30,3,Not relevant,50,34,28,29
"Loading and Moving Machine Operators, Underground Mining",2,25,25,47,39,22,18,44,36,53,39,13,9,0,Not relevant,47,36,3,Not relevant,41,36,25,25
Outdoor Power Equipment and Other Small Engine Mechanics,2,44,39,56,43,38,30,47,39,53,39,25,29,10,5,47,37,19,16,47,36,41,36
"Rolling Machine Setters, Operators, and Tenders, Metal and Plastic",2,50,43,53,43,47,39,63,43,53,39,35,36,16,9,50,41,10,5,56,39,41,37
Roofers,2,41,34,53,41,28,29,50,39,53,39,31,30,0,Not relevant,44,37,6,Not relevant,50,36,25,29
Tile and Stone Setters,2,44,36,56,45,31,32,47,37,53,39,50,45,0,Not relevant,44,39,6,Not relevant,53,39,35,32
"Ushers, Lobby Attendants, and Ticket Takers",2,41,30,44,37,16,18,44,37,53,39,22,20,10,5,44,32,0,Not relevant,56,36,31,30
Shampooers,2,31,29,38,30,25,25,44,34,53,37,16,16,0,Not relevant,38,32,0,Not relevant,56,36,35,29
"Welding, Soldering, and Brazing Machine Setters, Operators, and Tenders",2,38,29,53,43,31,27,50,45,53,37,31,23,3,Not relevant,44,37,19,11,53,41,31,29
Orderlies,2,28,27,44,30,28,29,41,29,53,36,19,13,0,Not relevant,38,29,6,Not relevant,50,30,41,32
"Meat, Poultry, and Fish Cutters and Trimmers",1,35,32,50,41,31,32,50,37,53,32,31,27,0,Not relevant,35,32,0,Not relevant,50,37,28,30
"Mobile Heavy Equipment Mechanics, Except Engines",3,50,43,56,48,41,39,50,45,50,45,47,37,16,9,53,48,22,21,50,43,50,41
Animal Breeders,2,50,39,56,46,28,29,50,43,50,43,28,30,13,7,47,41,50,41,50,39,44,39
Animal Caretakers,2,35,30,44,41,25,29,53,41,50,43,25,27,6,Not relevant,50,41,13,7,47,39,44,36
Automotive Body and Related Repairers,2,47,32,50,43,31,30,50,41,50,43,28,29,19,11,47,41,6,Not relevant,50,39,35,30
Biomass Plant Technicians,2,50,43,53,45,50,43,60,46,50,43,44,39,19,11,50,43,31,23,50,43,50,43
Boilermakers,3,50,43,63,45,44,39,53,45,50,43,31,29,0,Not relevant,53,43,25,27,47,41,44,41
"Cooks, Institution and Cafeteria",2,47,41,50,41,44,39,53,43,50,43,47,39,0,Not relevant,47,41,0,Not relevant,53,41,44,37
"Cooks, Restaurant",2,44,39,50,43,28,34,53,45,50,43,38,32,3,Not relevant,47,34,6,Not relevant,50,43,31,36
Cooling and Freezing Equipment Operators and Tenders,2,50,45,66,46,38,34,63,48,50,43,35,34,19,11,50,43,19,13,53,41,47,41
"Crushing, Grinding, and Polishing Machine Setters, Operators, and Tenders",2,47,41,47,43,44,39,60,43,50,43,41,32,10,5,50,43,28,21,50,43,47,41
Dental Laboratory Technicians,2,50,43,53,45,44,43,50,43,50,43,28,30,3,Not relevant,56,45,28,16,50,43,44,41
"Drilling and Boring Machine Tool Setters, Operators, and Tenders, Metal and Plastic",2,44,34,50,45,28,30,53,45,50,43,28,32,6,Not relevant,50,41,13,9,50,43,35,39
"Earth Drillers, Except Oil and Gas",2,44,32,56,43,31,29,53,45,50,43,31,25,0,Not relevant,44,36,16,11,50,41,35,34
Engine and Other Machine Assemblers,2,35,32,50,43,25,29,50,43,50,43,25,29,19,11,53,45,22,23,50,41,31,32
Etchers and Engravers,2,35,32,50,45,31,29,53,41,50,43,25,25,16,9,53,41,3,Not relevant,50,37,31,32
"Excavating and Loading Machine and Dragline Operators, Surface Mining",2,50,41,50,43,35,32,53,43,50,43,31,32,0,Not relevant,50,43,0,Not relevant,50,39,38,34
"Extruding and Forming Machine Setters, Operators, and Tenders, Synthetic and Glass Fibers",2,44,37,47,43,31,30,63,45,50,43,25,27,6,Not relevant,47,39,6,Not relevant,50,41,41,37
Food Batchmakers,2,44,30,53,41,28,29,47,43,50,43,44,34,3,Not relevant,53,43,25,25,50,43,47,41
Food Cooking Machine Operators and Tenders,2,41,34,50,34,28,29,53,41,50,43,25,27,6,Not relevant,53,39,22,20,41,34,44,37
Gambling Change Persons and Booth Cashiers,2,25,30,47,41,25,30,47,36,50,43,47,36,6,Not relevant,53,43,0,Not relevant,50,39,44,37
Geothermal Technicians,2,53,43,56,45,28,32,69,52,50,43,44,45,22,16,56,45,28,29,50,43,50,43
"Glass Blowers, Molders, Benders, and Finishers",2,47,41,50,43,41,34,56,43,50,43,41,30,10,5,50,43,19,18,44,39,41,37
Helpers--Carpenters,2,47,30,50,39,28,29,50,34,50,43,35,32,0,Not relevant,47,32,0,Not relevant,50,34,31,34
"Maintenance and Repair Workers, General",3,53,45,56,45,31,34,53,45,50,43,35,32,10,7,50,45,22,16,50,43,47,41
"Maintenance Workers, Machinery",3,44,30,50,43,28,27,47,39,50,43,28,23,16,11,50,41,16,11,47,39,28,32
Metal-Refining Furnace Operators and Tenders,2,47,30,50,43,31,29,66,45,50,43,38,37,0,Not relevant,50,41,25,23,50,41,44,39
"Meter Readers, Utilities",2,44,30,50,39,35,36,47,41,50,43,35,30,22,13,50,41,3,Not relevant,50,43,41,39
Motion Picture Projectionists,2,28,30,47,39,25,29,47,41,50,43,13,7,10,9,50,43,0,Not relevant,50,41,28,39
"Multiple Machine Tool Setters, Operators, and Tenders, Metal and Plastic",2,47,41,50,45,35,39,53,43,50,43,31,30,22,16,50,43,6,Not relevant,50,41,44,39
Operating Engineers and Other Construction Equipment Operators,2,47,37,47,43,28,30,53,43,50,43,25,23,3,Not relevant,47,36,13,9,47,36,25,27
"Painters, Construction and Maintenance",2,35,32,50,43,28,20,47,37,50,43,28,27,0,Not relevant,47,39,13,7,38,32,28,29
"Patternmakers, Wood",3,44,36,50,45,28,29,53,43,50,43,50,43,16,9,53,43,19,13,47,36,41,30
"Petroleum Pump System Operators, Refinery Operators, and Gaugers",2,50,46,60,54,50,43,69,54,50,43,44,48,22,18,63,50,25,27,50,41,60,43
Postal Service Mail Carriers,2,25,29,50,39,19,16,41,32,50,43,16,16,0,Not relevant,41,41,0,Not relevant,50,39,28,30
"Pourers and Casters, Metal",2,31,30,50,43,31,30,50,43,50,43,22,23,6,Not relevant,44,36,19,16,47,37,31,29
Rail Car Repairers,2,44,39,56,48,41,32,47,39,50,43,28,30,0,Not relevant,47,39,19,14,50,34,47,39
"Separating, Filtering, Clarifying, Precipitating, and Still Machine Setters, Operators, and Tenders",2,47,41,53,43,44,41,53,45,50,43,41,37,19,11,50,41,38,29,47,41,47,41
Signal and Track Switch Repairers,3,47,43,69,48,41,39,47,45,50,43,38,32,25,13,47,41,19,13,47,36,47,43
Stonemasons,3,50,37,66,43,38,34,50,39,50,43,41,37,0,Not relevant,47,36,13,11,50,37,47,37
Structural Metal Fabricators and Fitters,3,31,23,50,32,10,11,44,36,50,43,25,27,0,Not relevant,50,34,13,9,50,36,25,29
"Tailors, Dressmakers, and Custom Sewers",2,41,37,50,43,25,25,44,37,50,43,22,23,0,Not relevant,41,37,0,Not relevant,50,41,38,32
"Tank Car, Truck, and Ship Loaders",2,44,39,50,41,38,34,50,45,50,43,38,30,10,5,56,45,13,11,50,41,50,39
Telecommunications Line Installers and Repairers,2,44,37,53,45,31,29,50,41,50,43,25,25,16,9,47,43,19,16,53,39,41,41
Tool and Die Makers,3,50,45,53,45,28,30,53,43,50,43,44,41,16,9,47,45,19,18,47,39,31,36
Upholsterers,2,50,41,63,45,44,39,50,43,50,43,38,36,0,Not relevant,53,43,6,Not relevant,50,41,41,34
Watch and Clock Repairers,3,31,32,53,43,25,23,41,32,50,43,25,29,0,Not relevant,47,41,19,18,50,39,31,32
"Weighers, Measurers, Checkers, and Samplers, Recordkeeping",2,44,39,60,43,44,36,53,45,50,43,47,39,19,16,56,43,13,11,53,43,47,43
Agricultural Equipment Operators,1,31,27,47,39,19,14,44,32,50,41,22,16,0,Not relevant,31,27,16,9,44,37,28,25
"Coil Winders, Tapers, and Finishers",2,31,27,47,41,25,27,53,43,50,41,19,16,0,Not relevant,47,39,0,Not relevant,47,36,28,29
Continuous Mining Machine Operators,2,44,36,56,45,35,36,50,43,50,41,25,20,0,Not relevant,44,32,10,Not relevant,50,32,28,29
"Cooks, Private Household",3,50,45,56,43,38,32,50,43,50,41,31,29,6,Not relevant,50,43,13,7,50,43,44,36
Electrical and Electronic Equipment Assemblers,2,41,39,50,43,28,29,53,41,50,41,28,29,6,Not relevant,56,45,22,21,47,39,47,37
Fiberglass Laminators and Fabricators,2,47,39,47,41,41,39,53,45,50,41,35,30,0,Not relevant,50,39,19,14,50,37,47,36
Highway Maintenance Workers,2,35,30,47,39,25,25,53,39,50,41,28,27,3,Not relevant,44,39,0,Not relevant,50,39,28,27
"Lathe and Turning Machine Tool Setters, Operators, and Tenders, Metal and Plastic",2,31,29,47,43,31,25,53,43,50,41,28,32,16,9,50,43,19,11,47,37,31,30
Machinists,3,44,41,53,45,28,34,53,45,50,41,47,39,19,16,47,43,13,11,50,43,38,37
"Mixing and Blending Machine Setters, Operators, and Tenders",2,50,41,50,41,41,36,56,43,50,41,38,30,19,14,56,41,31,29,50,36,50,39
"Model Makers, Metal and Plastic",3,47,41,53,43,35,29,56,43,50,41,41,41,19,13,47,43,19,18,50,37,44,37
"Molders, Shapers, and Casters, Except Metal and Plastic",2,47,36,50,41,38,34,50,41,50,41,35,34,0,Not relevant,53,43,3,Not relevant,47,37,38,30
"Office Machine Operators, Except Computer",2,44,37,50,37,25,29,50,43,50,41,38,29,19,13,53,41,0,Not relevant,50,43,47,39
"Patternmakers, Metal and Plastic",3,41,32,50,43,28,29,50,45,50,41,35,34,28,18,50,43,13,7,50,41,31,30
"Potters, Manufacturing",3,25,30,50,45,19,20,50,43,50,41,28,25,3,Not relevant,44,41,13,9,47,41,35,37
"Refractory Materials Repairers, Except Brickmasons",2,35,30,47,43,31,30,44,39,50,41,25,25,0,Not relevant,47,37,0,Not relevant,44,39,38,32
Septic Tank Servicers and Sewer Pipe Cleaners,1,44,37,53,43,41,34,47,41,50,41,35,34,0,Not relevant,44,41,6,Not relevant,44,36,38,37
Bakers,2,50,43,50,43,31,29,56,41,50,39,31,30,0,Not relevant,47,39,19,13,50,41,31,30
Brickmasons and Blockmasons,2,47,30,53,43,28,30,50,41,50,39,47,48,0,Not relevant,44,34,19,18,50,36,31,30
Bridge and Lock Tenders,2,35,30,50,43,38,30,56,43,50,39,25,27,3,Not relevant,47,34,3,Not relevant,50,41,47,41
"Cutting, Punching, and Press Machine Setters, Operators, and Tenders, Metal and Plastic",2,41,32,50,39,25,29,56,43,50,39,35,34,3,Not relevant,47,41,16,13,50,39,41,34
"Extruding, Forming, Pressing, and Compacting Machine Setters, Operators, and Tenders",2,41,30,50,39,28,29,60,45,50,39,28,29,6,Not relevant,50,39,19,11,53,34,44,34
Floor Sanders and Finishers,1,41,32,44,34,28,27,47,39,50,39,25,21,0,Not relevant,41,34,3,Not relevant,44,32,28,27
Manicurists and Pedicurists,2,44,32,38,36,28,27,41,30,50,39,22,18,0,Not relevant,44,30,0,Not relevant,50,37,28,27
Packaging and Filling Machine Operators and Tenders,2,35,30,47,32,28,32,53,41,50,39,28,29,3,Not relevant,47,41,0,Not relevant,44,32,41,32
"Paper Goods Machine Setters, Operators, and Tenders",2,47,32,50,41,25,30,50,43,50,39,28,29,0,Not relevant,44,32,0,Not relevant,50,39,31,30
Pile Driver Operators,2,25,29,47,43,22,23,56,41,50,39,28,20,0,Not relevant,38,32,10,5,44,34,31,27
Rail-Track Laying and Maintenance Equipment Operators,2,41,34,53,43,38,32,53,41,50,39,31,29,0,Not relevant,35,32,6,Not relevant,47,32,31,30
Shoe Machine Operators and Tenders,2,25,25,50,34,19,16,47,41,50,39,28,23,0,Not relevant,50,39,3,Not relevant,47,37,22,25
"Stone Cutters and Carvers, Manufacturing",2,38,29,50,41,31,32,47,37,50,39,31,23,13,7,47,41,10,5,47,34,31,32
Stockers and Order Fillers,2,34,30,47,37,22,18,42,33,50,38,33,24,7,Not relevant,43,36,1,Not relevant,52,37,35,31
Helpers--Extraction Workers,2,47,37,53,41,41,32,69,45,50,37,38,32,0,Not relevant,44,36,10,7,47,34,35,32
"Rock Splitters, Quarry",1,28,30,44,37,25,29,47,36,50,37,22,21,0,Not relevant,44,34,3,Not relevant,41,37,28,30
Tire Builders,2,25,25,50,36,25,27,50,41,50,37,22,16,6,Not relevant,31,30,0,Not relevant,41,32,25,25
Amusement and Recreation Attendants,1,35,29,44,39,28,29,47,34,50,36,25,25,6,Not relevant,35,29,0,Not relevant,56,39,38,29
Helpers--Roofers,2,41,30,47,32,31,32,50,36,50,36,31,25,10,5,35,32,0,Not relevant,47,29,31,30
Paperhangers,2,25,25,47,34,25,25,44,36,50,36,25,20,0,Not relevant,35,34,6,Not relevant,50,34,25,29
"Textile Cutting Machine Setters, Operators, and Tenders",2,38,29,47,39,25,29,53,46,50,36,28,30,19,11,44,37,0,Not relevant,50,30,41,32
"Textile Winding, Twisting, and Drawing Out Machine Setters, Operators, and Tenders",2,35,30,50,43,35,29,50,43,50,36,25,29,0,Not relevant,38,30,0,Not relevant,53,34,35,29
Tire Repairers and Changers,2,31,29,50,34,28,32,47,32,50,36,25,27,0,Not relevant,38,29,0,Not relevant,50,32,31,30
"Cooks, Fast Food",1,35,32,41,34,25,23,41,32,50,34,25,23,0,Not relevant,41,37,0,Not relevant,44,30,25,29
Food Preparation Workers,1,35,30,47,30,35,30,47,30,50,34,28,27,0,Not relevant,41,30,0,Not relevant,50,30,31,30
"Food Servers, Nonrestaurant",2,25,30,47,34,25,30,44,32,50,34,25,21,3,Not relevant,47,30,0,Not relevant,50,36,25,30
Cement Masons and Concrete Finishers,1,28,25,50,34,35,29,56,41,50,32,41,39,3,Not relevant,35,27,6,Not relevant,53,29,25,27
Fence Erectors,2,31,27,50,41,31,29,50,41,50,32,31,37,0,Not relevant,38,30,3,Not relevant,50,30,25,29
"Insulation Workers, Floor, Ceiling, and Wall",2,41,30,50,39,28,29,47,39,50,32,31,27,0,Not relevant,41,32,0,Not relevant,50,32,28,30
"Janitors and Cleaners, Except Maids and Housekeeping Cleaners",2,38,29,44,30,22,13,38,27,50,32,0,Not relevant,0,Not relevant,35,29,0,Not relevant,41,30,25,21
Laundry and Dry-Cleaning Workers,1,41,30,44,36,31,30,50,32,50,32,16,13,0,Not relevant,44,30,0,Not relevant,47,34,28,30
Logging Equipment Operators,1,31,30,47,39,31,29,50,43,50,32,35,27,0,Not relevant,38,32,13,7,44,32,44,34
Plasterers and Stucco Masons,1,44,30,44,37,41,29,47,37,50,32,25,27,0,Not relevant,44,32,3,Not relevant,47,30,28,32
Shoe and Leather Workers and Repairers,2,28,25,47,37,3,Not relevant,44,36,50,32,16,14,0,Not relevant,38,32,3,Not relevant,47,30,22,21
Dining Room and Cafeteria Attendants and Bartender Helpers,1,28,30,44,32,25,29,47,30,50,29,22,18,3,Not relevant,35,29,0,Not relevant,47,30,25,18
Fishing and Hunting Workers,1,41,31,50,42,30,30,42,43,49,37,20,18,0,Not relevant,41,37,19,17,49,38,30,31
Bus and Truck Mechanics and Diesel Engine Specialists,3,44,43,56,46,44,36,50,43,47,43,25,25,16,9,47,41,22,23,53,41,38,36
Heavy and Tractor-Trailer Truck Drivers,2,44,32,50,43,38,30,50,43,47,43,25,30,3,Not relevant,50,43,0,Not relevant,50,43,44,36
"Coin, Vending, and Amusement Machine Servicers and Repairers",2,41,30,47,41,22,25,47,43,47,41,25,29,10,5,47,41,16,9,47,37,41,36
"Cutters and Trimmers, Hand",1,28,29,41,30,25,23,44,37,47,41,25,16,0,Not relevant,44,37,0,Not relevant,47,30,28,30
"Grinding and Polishing Workers, Hand",1,35,32,47,41,28,29,44,41,47,41,25,25,6,Not relevant,47,41,6,Not relevant,47,34,35,37
"Layout Workers, Metal and Plastic",2,44,37,50,45,28,29,50,43,47,41,53,45,3,Not relevant,50,41,6,Not relevant,47,36,38,41
Medical Equipment Repairers,3,50,46,56,52,47,41,53,46,47,41,44,45,16,9,56,54,31,32,47,41,47,41
Ophthalmic Laboratory Technicians,2,44,36,50,41,38,34,50,41,47,41,28,32,19,11,50,41,19,13,47,37,44,37
Print Binding and Finishing Workers,2,38,34,56,43,38,41,53,43,47,41,28,30,16,13,53,41,3,Not relevant,50,39,44,37
Automotive Glass Installers and Repairers,2,41,34,47,39,35,30,47,37,47,39,25,25,3,Not relevant,38,36,13,7,50,37,35,34
Crossing Guards and Flaggers,2,31,23,44,36,22,13,47,37,47,39,16,9,0,Not relevant,31,29,0,Not relevant,53,36,25,25
"Cutting and Slicing Machine Setters, Operators, and Tenders",2,41,29,50,41,28,27,56,45,47,39,41,30,22,14,53,41,13,7,41,36,35,29
Electromechanical Equipment Assemblers,2,35,30,50,41,22,23,47,39,47,39,25,27,13,7,50,43,25,29,50,37,38,30
Jewelers and Precious Stone and Metal Workers,3,41,38,53,42,33,30,47,37,47,39,39,37,2,Not relevant,42,42,11,11,49,37,34,34
"Mail Clerks and Mail Machine Operators, Except Postal Service",2,31,30,50,41,28,29,50,41,47,39,31,29,13,7,50,37,3,Not relevant,50,39,47,39
"Paving, Surfacing, and Tamping Equipment Operators",2,41,30,50,41,31,30,56,41,47,39,25,29,0,Not relevant,38,30,3,Not relevant,47,32,22,23
"Postal Service Mail Sorters, Processors, and Processing Machine Operators",2,28,29,50,37,28,30,53,39,47,39,25,20,16,9,50,39,0,Not relevant,50,37,31,27
Wellhead Pumpers,2,35,30,53,43,22,20,53,46,47,39,31,23,6,Not relevant,44,41,3,Not relevant,50,43,41,30
"Woodworking Machine Setters, Operators, and Tenders, Except Sawing",2,38,30,50,41,31,30,53,41,47,39,35,36,19,16,44,39,13,7,50,36,22,25
"Extruding and Drawing Machine Setters, Operators, and Tenders, Metal and Plastic",2,41,32,53,39,31,30,53,46,47,37,38,36,13,7,47,41,22,16,50,36,41,29
"Grinding, Lapping, Polishing, and Buffing Machine Tool Setters, Operators, and Tenders, Metal and Plastic",2,41,32,50,41,31,29,53,43,47,37,44,43,19,11,53,41,13,7,50,36,35,29
Refuse and Recyclable Material Collectors,2,38,29,50,43,13,13,44,32,47,37,10,7,0,Not relevant,47,34,0,Not relevant,50,32,44,34
Sheet Metal Workers,2,44,34,53,43,31,34,50,43,47,37,50,46,6,Not relevant,50,37,19,11,50,41,35,30
Tapers,2,31,29,41,34,28,29,47,37,47,37,16,9,0,Not relevant,31,30,3,Not relevant,47,30,25,29
Timing Device Assemblers and Adjusters,2,28,32,47,41,28,29,47,37,47,37,25,23,10,7,44,37,25,25,44,37,38,34
Tree Trimmers and Pruners,2,41,30,56,43,31,29,53,43,47,37,22,20,0,Not relevant,41,36,19,13,50,39,38,36
Cabinetmakers and Bench Carpenters,2,44,39,50,43,31,32,53,45,47,36,47,43,16,11,47,37,10,5,50,36,35,34
Industrial Truck and Tractor Operators,2,28,27,44,32,28,25,44,37,47,36,28,27,6,Not relevant,47,36,6,Not relevant,44,29,38,30
"Roustabouts, Oil and Gas",1,44,34,53,34,31,29,56,39,47,36,25,25,0,Not relevant,28,27,6,Not relevant,41,30,22,23
"Textile Knitting and Weaving Machine Setters, Operators, and Tenders",2,22,21,47,36,22,23,56,41,47,36,16,13,0,Not relevant,38,32,6,Not relevant,47,36,28,27
"Cleaning, Washing, and Metal Pickling Equipment Operators and Tenders",2,28,30,47,30,31,30,47,43,47,34,25,16,3,Not relevant,44,32,13,9,47,32,31,34
Dredge Operators,2,38,30,50,39,35,36,47,41,47,34,25,27,0,Not relevant,38,34,6,Not relevant,47,32,28,29
Fallers,1,35,29,56,43,10,11,56,39,47,34,35,21,0,Not relevant,25,25,19,18,41,34,22,18
"Helpers--Pipelayers, Plumbers, Pipefitters, and Steamfitters",2,41,27,47,34,25,27,47,32,47,34,31,20,0,Not relevant,35,29,3,Not relevant,38,32,25,21
"Coating, Painting, and Spraying Machine Setters, Operators, and Tenders",2,44,30,50,39,41,36,50,43,47,32,25,29,10,9,47,39,3,Not relevant,47,30,41,32
"Helpers--Brickmasons, Blockmasons, Stonemasons, and Tile and Marble Setters",2,35,30,50,34,31,30,50,37,47,32,31,29,0,Not relevant,35,30,6,Not relevant,44,29,25,25
"Helpers--Painters, Paperhangers, Plasterers, and Stucco Masons",1,35,29,44,32,31,30,44,34,47,32,3,Not relevant,0,Not relevant,28,25,3,Not relevant,50,29,25,25
"Painting, Coating, and Decorating Workers",1,28,29,44,37,25,29,47,37,47,32,22,16,0,Not relevant,44,32,0,Not relevant,44,36,31,27
Carpet Installers,2,41,30,50,41,35,37,53,41,47,30,50,48,0,Not relevant,41,32,0,Not relevant,47,32,25,25
Helpers--Production Workers,2,25,27,44,32,25,27,47,34,47,29,25,25,6,Not relevant,41,32,6,Not relevant,44,30,22,23
"Farmworkers and Laborers, Crop, Nursery, and Greenhouse",1,33,33,47,37,30,31,45,39,45,36,17,17,0,Not relevant,36,30,16,11,45,33,33,30
"Welders, Cutters, Solderers, and Brazers",2,30,31,47,38,25,26,49,40,45,36,30,23,5,Not relevant,42,35,6,Not relevant,42,31,27,25
Glaziers,2,31,30,50,41,28,27,44,43,44,41,31,34,0,Not relevant,50,41,13,7,47,39,28,27
"Tool Grinders, Filers, and Sharpeners",2,44,37,56,41,38,34,50,39,44,41,44,41,13,7,47,43,3,Not relevant,38,34,38,32
Machine Feeders and Offbearers,2,25,29,38,37,25,25,50,41,44,37,28,23,0,Not relevant,44,41,6,Not relevant,44,37,35,29
Models,2,22,23,41,27,3,Not relevant,22,25,44,37,6,Not relevant,0,Not relevant,38,29,0,Not relevant,44,30,25,29
"Sawing Machine Setters, Operators, and Tenders, Wood",2,28,29,50,39,25,27,50,41,44,36,25,21,3,Not relevant,35,37,6,Not relevant,41,30,19,20
Drywall and Ceiling Tile Installers,2,28,29,50,37,25,27,47,37,44,34,31,30,0,Not relevant,44,39,3,Not relevant,47,32,28,27
"Laborers and Freight, Stock, and Material Movers, Hand",2,28,29,47,34,25,25,41,32,44,34,25,27,0,Not relevant,44,34,0,Not relevant,44,30,35,29
Dishwashers,1,25,29,41,30,25,18,41,30,44,32,25,14,0,Not relevant,25,30,0,Not relevant,44,30,25,25
Foundry Mold and Coremakers,2,31,25,47,36,25,20,53,37,44,32,22,23,0,Not relevant,28,27,6,Not relevant,41,27,22,23
"Graders and Sorters, Agricultural Products",1,28,21,38,32,16,13,47,30,44,32,16,13,0,Not relevant,31,23,6,Not relevant,44,32,31,20
Landscaping and Groundskeeping Workers,1,31,29,47,27,28,27,38,27,44,32,19,11,0,Not relevant,31,27,16,13,47,27,19,18
Maids and Housekeeping Cleaners,1,28,23,44,30,28,21,44,29,44,30,22,14,0,Not relevant,41,30,0,Not relevant,44,30,28,29
Sewing Machine Operators,1,28,27,44,30,28,29,53,36,44,30,25,27,0,Not relevant,41,30,0,Not relevant,28,27,25,29
"Packers and Packagers, Hand",2,28,14,44,29,25,16,50,30,44,29,25,18,10,5,41,29,0,Not relevant,41,29,25,27
Reinforcing Iron and Rebar Workers,2,35,27,50,41,31,29,47,32,41,34,35,32,0,Not relevant,41,30,6,Not relevant,41,29,22,23
"Sewers, Hand",2,38,30,44,34,31,32,41,37,41,34,35,30,0,Not relevant,38,32,0,Not relevant,41,27,35,32
Slaughterers and Meat Packers,2,25,21,35,27,25,18,31,27,41,32,19,11,0,Not relevant,22,25,0,Not relevant,44,27,19,14
Terrazzo Workers and Finishers,2,35,30,41,34,28,30,44,37,38,29,35,32,0,Not relevant,28,25,16,9,47,29,22,23
Cleaners of Vehicles and Equipment,2,25,27,31,34,16,11,41,34,35,30,6,Not relevant,0,Not relevant,28,29,3,Not relevant,41,30,10,7
"Pressers, Textile, Garment, and Related Materials",1,28,21,38,32,19,14,35,30,25,29,16,11,0,Not relevant,25,25,0,Not relevant,28,29,19,21
